PRAGMA foreign_keys=OFF;
BEGIN TRANSACTION;
CREATE TABLE IF NOT EXISTS "django_migrations" ("id" integer NOT NULL PRIMARY KEY AUTOINCREMENT, "app" varchar(255) NOT NULL, "name" varchar(255) NOT NULL, "applied" datetime NOT NULL);
INSERT INTO django_migrations VALUES(1,'contenttypes','0001_initial','2018-11-08 02:26:40.151949');
INSERT INTO django_migrations VALUES(2,'auth','0001_initial','2018-11-08 02:26:40.173540');
INSERT INTO django_migrations VALUES(3,'admin','0001_initial','2018-11-08 02:26:40.186710');
INSERT INTO django_migrations VALUES(4,'admin','0002_logentry_remove_auto_add','2018-11-08 02:26:40.201505');
INSERT INTO django_migrations VALUES(5,'admin','0003_logentry_add_action_flag_choices','2018-11-08 02:26:40.214747');
INSERT INTO django_migrations VALUES(6,'contenttypes','0002_remove_content_type_name','2018-11-08 02:26:40.242609');
INSERT INTO django_migrations VALUES(7,'auth','0002_alter_permission_name_max_length','2018-11-08 02:26:40.251734');
INSERT INTO django_migrations VALUES(8,'auth','0003_alter_user_email_max_length','2018-11-08 02:26:40.263047');
INSERT INTO django_migrations VALUES(9,'auth','0004_alter_user_username_opts','2018-11-08 02:26:40.274369');
INSERT INTO django_migrations VALUES(10,'auth','0005_alter_user_last_login_null','2018-11-08 02:26:40.285302');
INSERT INTO django_migrations VALUES(11,'auth','0006_require_contenttypes_0002','2018-11-08 02:26:40.286929');
INSERT INTO django_migrations VALUES(12,'auth','0007_alter_validators_add_error_messages','2018-11-08 02:26:40.299342');
INSERT INTO django_migrations VALUES(13,'auth','0008_alter_user_username_max_length','2018-11-08 02:26:40.311004');
INSERT INTO django_migrations VALUES(14,'auth','0009_alter_user_last_name_max_length','2018-11-08 02:26:40.321116');
INSERT INTO django_migrations VALUES(15,'sessions','0001_initial','2018-11-08 02:26:40.326802');
INSERT INTO django_migrations VALUES(16,'api','0001_initial','2018-11-08 03:26:04.471228');
INSERT INTO django_migrations VALUES(17,'api','0002_auto_20181108_0325','2018-11-08 03:26:04.557741');
INSERT INTO django_migrations VALUES(18,'api','0003_auto_20181108_1432','2018-11-08 14:32:07.805475');
INSERT INTO django_migrations VALUES(19,'api','0004_auto_20181108_1436','2018-11-08 14:36:39.713289');
INSERT INTO django_migrations VALUES(20,'api','0005_auto_20181108_1446','2018-11-08 14:46:35.703082');
INSERT INTO django_migrations VALUES(21,'api','0006_auto_20181108_1502','2018-11-08 15:02:53.944591');
INSERT INTO django_migrations VALUES(22,'api','0007_user_phone','2018-11-08 15:26:51.130558');
INSERT INTO django_migrations VALUES(23,'api','0008_category_type','2018-11-08 15:59:49.931480');
INSERT INTO django_migrations VALUES(24,'api','0009_auto_20181108_2310','2018-11-08 23:10:22.219138');
INSERT INTO django_migrations VALUES(25,'api','0010_user_image','2018-11-09 00:37:22.257535');
INSERT INTO django_migrations VALUES(26,'api','0011_auto_20181109_0037','2018-11-09 00:37:22.276954');
INSERT INTO django_migrations VALUES(27,'api','0012_auto_20181109_0127','2018-11-09 01:27:10.016446');
INSERT INTO django_migrations VALUES(28,'api','0013_auto_20181109_0150','2018-11-09 01:51:05.484768');
INSERT INTO django_migrations VALUES(29,'api','0014_image','2018-11-09 20:20:34.128972');
INSERT INTO django_migrations VALUES(30,'api','0015_auto_20181109_2021','2018-11-09 20:21:21.987070');
INSERT INTO django_migrations VALUES(31,'api','0016_auto_20181109_2034','2018-11-09 20:34:55.976498');
INSERT INTO django_migrations VALUES(32,'api','0017_auto_20181110_1414','2018-11-10 14:14:09.106385');
INSERT INTO django_migrations VALUES(33,'api','0018_auto_20181110_1754','2018-11-10 17:54:23.639587');
INSERT INTO django_migrations VALUES(34,'api','0019_auto_20181111_2344','2018-11-11 23:44:54.773238');
INSERT INTO django_migrations VALUES(35,'api','0020_auto_20181112_0000','2018-11-12 00:01:00.019928');
INSERT INTO django_migrations VALUES(36,'api','0021_auto_20181112_2136','2018-11-12 21:36:50.094440');
INSERT INTO django_migrations VALUES(37,'api','0022_auto_20181112_2146','2018-11-12 21:46:53.696331');
INSERT INTO django_migrations VALUES(38,'api','0023_auto_20181112_2223','2018-11-12 22:23:09.255710');
INSERT INTO django_migrations VALUES(39,'api','0024_auto_20181112_2247','2018-11-12 22:47:49.326323');
INSERT INTO django_migrations VALUES(40,'api','0025_auto_20181112_2252','2018-11-12 22:52:35.866863');
INSERT INTO django_migrations VALUES(41,'admin','0004_auto_20181114_2005','2018-11-14 20:05:05.412155');
INSERT INTO django_migrations VALUES(42,'api','0026_auto_20181114_2001','2018-11-14 20:05:05.500252');
INSERT INTO django_migrations VALUES(43,'api','0027_auto_20181114_2005','2018-11-14 21:12:42.592523');
INSERT INTO django_migrations VALUES(44,'api','0028_auto_20181114_2106','2018-11-14 21:12:42.667109');
CREATE TABLE IF NOT EXISTS "auth_group" ("id" integer NOT NULL PRIMARY KEY AUTOINCREMENT, "name" varchar(80) NOT NULL UNIQUE);
INSERT INTO auth_group VALUES(2,'stylists');
CREATE TABLE IF NOT EXISTS "auth_group_permissions" ("id" integer NOT NULL PRIMARY KEY AUTOINCREMENT, "group_id" integer NOT NULL REFERENCES "auth_group" ("id") DEFERRABLE INITIALLY DEFERRED, "permission_id" integer NOT NULL REFERENCES "auth_permission" ("id") DEFERRABLE INITIALLY DEFERRED);
INSERT INTO auth_group_permissions VALUES(1,2,1);
INSERT INTO auth_group_permissions VALUES(2,2,2);
INSERT INTO auth_group_permissions VALUES(3,2,3);
INSERT INTO auth_group_permissions VALUES(4,2,4);
INSERT INTO auth_group_permissions VALUES(5,2,5);
INSERT INTO auth_group_permissions VALUES(6,2,6);
INSERT INTO auth_group_permissions VALUES(7,2,7);
INSERT INTO auth_group_permissions VALUES(8,2,8);
INSERT INTO auth_group_permissions VALUES(9,2,9);
INSERT INTO auth_group_permissions VALUES(10,2,10);
INSERT INTO auth_group_permissions VALUES(11,2,11);
INSERT INTO auth_group_permissions VALUES(12,2,12);
INSERT INTO auth_group_permissions VALUES(13,2,13);
INSERT INTO auth_group_permissions VALUES(14,2,14);
INSERT INTO auth_group_permissions VALUES(15,2,15);
INSERT INTO auth_group_permissions VALUES(16,2,16);
INSERT INTO auth_group_permissions VALUES(17,2,17);
INSERT INTO auth_group_permissions VALUES(18,2,18);
INSERT INTO auth_group_permissions VALUES(19,2,19);
INSERT INTO auth_group_permissions VALUES(20,2,20);
INSERT INTO auth_group_permissions VALUES(21,2,21);
INSERT INTO auth_group_permissions VALUES(22,2,22);
INSERT INTO auth_group_permissions VALUES(23,2,23);
INSERT INTO auth_group_permissions VALUES(24,2,24);
INSERT INTO auth_group_permissions VALUES(25,2,25);
INSERT INTO auth_group_permissions VALUES(26,2,26);
INSERT INTO auth_group_permissions VALUES(27,2,27);
INSERT INTO auth_group_permissions VALUES(28,2,28);
INSERT INTO auth_group_permissions VALUES(29,2,29);
INSERT INTO auth_group_permissions VALUES(30,2,30);
INSERT INTO auth_group_permissions VALUES(31,2,31);
INSERT INTO auth_group_permissions VALUES(32,2,32);
INSERT INTO auth_group_permissions VALUES(33,2,33);
INSERT INTO auth_group_permissions VALUES(34,2,34);
INSERT INTO auth_group_permissions VALUES(35,2,35);
INSERT INTO auth_group_permissions VALUES(36,2,36);
INSERT INTO auth_group_permissions VALUES(37,2,37);
INSERT INTO auth_group_permissions VALUES(38,2,38);
INSERT INTO auth_group_permissions VALUES(39,2,39);
INSERT INTO auth_group_permissions VALUES(40,2,40);
INSERT INTO auth_group_permissions VALUES(41,2,41);
INSERT INTO auth_group_permissions VALUES(42,2,42);
INSERT INTO auth_group_permissions VALUES(43,2,43);
INSERT INTO auth_group_permissions VALUES(44,2,44);
INSERT INTO auth_group_permissions VALUES(45,2,45);
INSERT INTO auth_group_permissions VALUES(46,2,46);
INSERT INTO auth_group_permissions VALUES(47,2,47);
INSERT INTO auth_group_permissions VALUES(48,2,48);
INSERT INTO auth_group_permissions VALUES(49,2,49);
INSERT INTO auth_group_permissions VALUES(50,2,50);
INSERT INTO auth_group_permissions VALUES(51,2,51);
INSERT INTO auth_group_permissions VALUES(52,2,52);
INSERT INTO auth_group_permissions VALUES(53,2,53);
INSERT INTO auth_group_permissions VALUES(54,2,54);
INSERT INTO auth_group_permissions VALUES(55,2,55);
INSERT INTO auth_group_permissions VALUES(56,2,56);
INSERT INTO auth_group_permissions VALUES(57,2,57);
INSERT INTO auth_group_permissions VALUES(58,2,58);
INSERT INTO auth_group_permissions VALUES(59,2,59);
INSERT INTO auth_group_permissions VALUES(60,2,60);
CREATE TABLE IF NOT EXISTS "auth_user_groups" ("id" integer NOT NULL PRIMARY KEY AUTOINCREMENT, "user_id" integer NOT NULL REFERENCES "auth_user" ("id") DEFERRABLE INITIALLY DEFERRED, "group_id" integer NOT NULL REFERENCES "auth_group" ("id") DEFERRABLE INITIALLY DEFERRED);
CREATE TABLE IF NOT EXISTS "auth_user_user_permissions" ("id" integer NOT NULL PRIMARY KEY AUTOINCREMENT, "user_id" integer NOT NULL REFERENCES "auth_user" ("id") DEFERRABLE INITIALLY DEFERRED, "permission_id" integer NOT NULL REFERENCES "auth_permission" ("id") DEFERRABLE INITIALLY DEFERRED);
CREATE TABLE IF NOT EXISTS "django_content_type" ("id" integer NOT NULL PRIMARY KEY AUTOINCREMENT, "app_label" varchar(100) NOT NULL, "model" varchar(100) NOT NULL);
INSERT INTO django_content_type VALUES(1,'admin','logentry');
INSERT INTO django_content_type VALUES(2,'auth','permission');
INSERT INTO django_content_type VALUES(3,'auth','group');
INSERT INTO django_content_type VALUES(4,'auth','user');
INSERT INTO django_content_type VALUES(5,'contenttypes','contenttype');
INSERT INTO django_content_type VALUES(6,'sessions','session');
INSERT INTO django_content_type VALUES(7,'api','group');
INSERT INTO django_content_type VALUES(8,'api','contact');
INSERT INTO django_content_type VALUES(9,'api','product');
INSERT INTO django_content_type VALUES(10,'api','category');
INSERT INTO django_content_type VALUES(11,'api','style');
INSERT INTO django_content_type VALUES(12,'api','user');
INSERT INTO django_content_type VALUES(13,'api','cart');
INSERT INTO django_content_type VALUES(14,'api','purchased');
INSERT INTO django_content_type VALUES(15,'api','featurette');
INSERT INTO django_content_type VALUES(16,'api','image');
INSERT INTO django_content_type VALUES(17,'api','stylist');
CREATE TABLE IF NOT EXISTS "auth_permission" ("id" integer NOT NULL PRIMARY KEY AUTOINCREMENT, "content_type_id" integer NOT NULL REFERENCES "django_content_type" ("id") DEFERRABLE INITIALLY DEFERRED, "codename" varchar(100) NOT NULL, "name" varchar(255) NOT NULL);
INSERT INTO auth_permission VALUES(1,1,'add_logentry','Can add log entry');
INSERT INTO auth_permission VALUES(2,1,'change_logentry','Can change log entry');
INSERT INTO auth_permission VALUES(3,1,'delete_logentry','Can delete log entry');
INSERT INTO auth_permission VALUES(4,1,'view_logentry','Can view log entry');
INSERT INTO auth_permission VALUES(5,2,'add_permission','Can add permission');
INSERT INTO auth_permission VALUES(6,2,'change_permission','Can change permission');
INSERT INTO auth_permission VALUES(7,2,'delete_permission','Can delete permission');
INSERT INTO auth_permission VALUES(8,2,'view_permission','Can view permission');
INSERT INTO auth_permission VALUES(9,3,'add_group','Can add group');
INSERT INTO auth_permission VALUES(10,3,'change_group','Can change group');
INSERT INTO auth_permission VALUES(11,3,'delete_group','Can delete group');
INSERT INTO auth_permission VALUES(12,3,'view_group','Can view group');
INSERT INTO auth_permission VALUES(13,4,'add_user','Can add user');
INSERT INTO auth_permission VALUES(14,4,'change_user','Can change user');
INSERT INTO auth_permission VALUES(15,4,'delete_user','Can delete user');
INSERT INTO auth_permission VALUES(16,4,'view_user','Can view user');
INSERT INTO auth_permission VALUES(17,5,'add_contenttype','Can add content type');
INSERT INTO auth_permission VALUES(18,5,'change_contenttype','Can change content type');
INSERT INTO auth_permission VALUES(19,5,'delete_contenttype','Can delete content type');
INSERT INTO auth_permission VALUES(20,5,'view_contenttype','Can view content type');
INSERT INTO auth_permission VALUES(21,6,'add_session','Can add session');
INSERT INTO auth_permission VALUES(22,6,'change_session','Can change session');
INSERT INTO auth_permission VALUES(23,6,'delete_session','Can delete session');
INSERT INTO auth_permission VALUES(24,6,'view_session','Can view session');
INSERT INTO auth_permission VALUES(25,7,'add_group','Can add group');
INSERT INTO auth_permission VALUES(26,7,'change_group','Can change group');
INSERT INTO auth_permission VALUES(27,7,'delete_group','Can delete group');
INSERT INTO auth_permission VALUES(28,7,'view_group','Can view group');
INSERT INTO auth_permission VALUES(29,8,'add_contact','Can add contact');
INSERT INTO auth_permission VALUES(30,8,'change_contact','Can change contact');
INSERT INTO auth_permission VALUES(31,8,'delete_contact','Can delete contact');
INSERT INTO auth_permission VALUES(32,8,'view_contact','Can view contact');
INSERT INTO auth_permission VALUES(33,9,'add_product','Can add product');
INSERT INTO auth_permission VALUES(34,9,'change_product','Can change product');
INSERT INTO auth_permission VALUES(35,9,'delete_product','Can delete product');
INSERT INTO auth_permission VALUES(36,9,'view_product','Can view product');
INSERT INTO auth_permission VALUES(37,10,'add_category','Can add category');
INSERT INTO auth_permission VALUES(38,10,'change_category','Can change category');
INSERT INTO auth_permission VALUES(39,10,'delete_category','Can delete category');
INSERT INTO auth_permission VALUES(40,10,'view_category','Can view category');
INSERT INTO auth_permission VALUES(41,11,'add_style','Can add style');
INSERT INTO auth_permission VALUES(42,11,'change_style','Can change style');
INSERT INTO auth_permission VALUES(43,11,'delete_style','Can delete style');
INSERT INTO auth_permission VALUES(44,11,'view_style','Can view style');
INSERT INTO auth_permission VALUES(45,12,'add_user','Can add user');
INSERT INTO auth_permission VALUES(46,12,'change_user','Can change user');
INSERT INTO auth_permission VALUES(47,12,'delete_user','Can delete user');
INSERT INTO auth_permission VALUES(48,12,'view_user','Can view user');
INSERT INTO auth_permission VALUES(49,13,'add_cart','Can add cart');
INSERT INTO auth_permission VALUES(50,13,'change_cart','Can change cart');
INSERT INTO auth_permission VALUES(51,13,'delete_cart','Can delete cart');
INSERT INTO auth_permission VALUES(52,13,'view_cart','Can view cart');
INSERT INTO auth_permission VALUES(53,14,'add_purchased','Can add purchased');
INSERT INTO auth_permission VALUES(54,14,'change_purchased','Can change purchased');
INSERT INTO auth_permission VALUES(55,14,'delete_purchased','Can delete purchased');
INSERT INTO auth_permission VALUES(56,14,'view_purchased','Can view purchased');
INSERT INTO auth_permission VALUES(57,15,'add_featurette','Can add featurette');
INSERT INTO auth_permission VALUES(58,15,'change_featurette','Can change featurette');
INSERT INTO auth_permission VALUES(59,15,'delete_featurette','Can delete featurette');
INSERT INTO auth_permission VALUES(60,15,'view_featurette','Can view featurette');
INSERT INTO auth_permission VALUES(61,16,'add_image','Can add image');
INSERT INTO auth_permission VALUES(62,16,'change_image','Can change image');
INSERT INTO auth_permission VALUES(63,16,'delete_image','Can delete image');
INSERT INTO auth_permission VALUES(64,16,'view_image','Can view image');
INSERT INTO auth_permission VALUES(65,17,'add_stylist','Can add stylist');
INSERT INTO auth_permission VALUES(66,17,'change_stylist','Can change stylist');
INSERT INTO auth_permission VALUES(67,17,'delete_stylist','Can delete stylist');
INSERT INTO auth_permission VALUES(68,17,'view_stylist','Can view stylist');
CREATE TABLE IF NOT EXISTS "auth_user" ("id" integer NOT NULL PRIMARY KEY AUTOINCREMENT, "password" varchar(128) NOT NULL, "last_login" datetime NULL, "is_superuser" bool NOT NULL, "username" varchar(150) NOT NULL UNIQUE, "first_name" varchar(30) NOT NULL, "email" varchar(254) NOT NULL, "is_staff" bool NOT NULL, "is_active" bool NOT NULL, "date_joined" datetime NOT NULL, "last_name" varchar(150) NOT NULL);
INSERT INTO auth_user VALUES(1,'pbkdf2_sha256$120000$sxKYlWok6iPE$goxoRuQpkA5cl6fp+L6vUAINcQitM2SzIbumv7slY4w=','2018-11-08 03:19:55.349476',1,'jodth07','','',1,1,'2018-11-08 03:19:39.808976','');
INSERT INTO auth_user VALUES(2,'pbkdf2_sha256$120000$vSMj1vfvTz40$DvatqdOy0ixajqXfFNnhr9UEJrigS1vRXXm6clHQxBs=','2018-11-14 21:24:11.374647',1,'admin','','',1,1,'2018-11-13 00:22:44.595802','');
INSERT INTO auth_user VALUES(3,'pbkdf2_sha256$120000$1tmVAYPNMprK$laBnLOiPDKSc7yOXG+Ud5MChTHIOtYsd1XAl5uh+vg4=',NULL,1,'jd','','jdsilly@gmail.com',1,1,'2018-11-13 01:25:09.105933','');
CREATE TABLE IF NOT EXISTS "django_session" ("session_key" varchar(40) NOT NULL PRIMARY KEY, "session_data" text NOT NULL, "expire_date" datetime NOT NULL);
INSERT INTO django_session VALUES('ut8orv3uk5noo7ru550bi47klzj4u219','NThjZWI2MzY4YWM1NzIxOTBmYjVhOWRmYjM4ZTE4YjJhZTk3MDEyYTp7Il9hdXRoX3VzZXJfaWQiOiIyIiwiX2F1dGhfdXNlcl9iYWNrZW5kIjoiZGphbmdvLmNvbnRyaWIuYXV0aC5iYWNrZW5kcy5Nb2RlbEJhY2tlbmQiLCJfYXV0aF91c2VyX2hhc2giOiIyMmVmM2IyZmFjMWYyMzc1YzcxOGRmZjJmN2I5ZTE2OWU0ZDNhYjNhIn0=','2018-11-27 19:12:10.026676');
INSERT INTO django_session VALUES('2tz5rv667vpgyzjs890zfn0k988yw7vw','NThjZWI2MzY4YWM1NzIxOTBmYjVhOWRmYjM4ZTE4YjJhZTk3MDEyYTp7Il9hdXRoX3VzZXJfaWQiOiIyIiwiX2F1dGhfdXNlcl9iYWNrZW5kIjoiZGphbmdvLmNvbnRyaWIuYXV0aC5iYWNrZW5kcy5Nb2RlbEJhY2tlbmQiLCJfYXV0aF91c2VyX2hhc2giOiIyMmVmM2IyZmFjMWYyMzc1YzcxOGRmZjJmN2I5ZTE2OWU0ZDNhYjNhIn0=','2018-11-28 21:13:15.976691');
INSERT INTO django_session VALUES('q11da18sdgmgdt114xviu5nvku3ajfxg','NThjZWI2MzY4YWM1NzIxOTBmYjVhOWRmYjM4ZTE4YjJhZTk3MDEyYTp7Il9hdXRoX3VzZXJfaWQiOiIyIiwiX2F1dGhfdXNlcl9iYWNrZW5kIjoiZGphbmdvLmNvbnRyaWIuYXV0aC5iYWNrZW5kcy5Nb2RlbEJhY2tlbmQiLCJfYXV0aF91c2VyX2hhc2giOiIyMmVmM2IyZmFjMWYyMzc1YzcxOGRmZjJmN2I5ZTE2OWU0ZDNhYjNhIn0=','2018-11-28 21:24:11.379078');
CREATE TABLE IF NOT EXISTS "api_group" ("id" integer NOT NULL PRIMARY KEY AUTOINCREMENT, "group" varchar(50) NOT NULL);
INSERT INTO api_group VALUES(1,'');
INSERT INTO api_group VALUES(2,'');
INSERT INTO api_group VALUES(3,'');
INSERT INTO api_group VALUES(4,'');
INSERT INTO api_group VALUES(5,'Treatments');
INSERT INTO api_group VALUES(6,'Shampoo');
INSERT INTO api_group VALUES(7,'Conditioner');
INSERT INTO api_group VALUES(8,'Treatment');
CREATE TABLE IF NOT EXISTS "api_product_categories" ("id" integer NOT NULL PRIMARY KEY AUTOINCREMENT, "product_id" integer NOT NULL REFERENCES "api_product" ("id") DEFERRABLE INITIALLY DEFERRED, "category_id" integer NOT NULL REFERENCES "api_category" ("id") DEFERRABLE INITIALLY DEFERRED);
INSERT INTO api_product_categories VALUES(2,2,7);
INSERT INTO api_product_categories VALUES(3,3,9);
INSERT INTO api_product_categories VALUES(4,4,9);
INSERT INTO api_product_categories VALUES(5,4,7);
INSERT INTO api_product_categories VALUES(6,5,8);
INSERT INTO api_product_categories VALUES(7,5,9);
INSERT INTO api_product_categories VALUES(8,6,8);
INSERT INTO api_product_categories VALUES(9,6,9);
INSERT INTO api_product_categories VALUES(10,7,7);
INSERT INTO api_product_categories VALUES(11,8,7);
INSERT INTO api_product_categories VALUES(12,9,7);
INSERT INTO api_product_categories VALUES(13,10,7);
CREATE TABLE IF NOT EXISTS "api_contact" ("id" integer NOT NULL PRIMARY KEY AUTOINCREMENT, "first_name" varchar(50) NOT NULL, "last_name" varchar(50) NOT NULL, "address" varchar(50) NOT NULL, "email" varchar(50) NOT NULL, "phone" varchar(50) NOT NULL, "group_id" integer NOT NULL REFERENCES "api_group" ("id") DEFERRABLE INITIALLY DEFERRED);
INSERT INTO api_contact VALUES(1,'One','Two','string address','jo@email.com','123456789',6);
INSERT INTO api_contact VALUES(2,'Olson','Dimanche','new address','jo@email.com','561212334',5);
INSERT INTO api_contact VALUES(3,'Olson','Dimanche','new address','jo@email.com','561212334',5);
INSERT INTO api_contact VALUES(4,'Olson','Dimanche','new address','jo@email.com','561212334',5);
INSERT INTO api_contact VALUES(5,'Olson','Dimanche','new address','jo@email.com','561212334',5);
INSERT INTO api_contact VALUES(6,'string','string','string','string','string',1);
INSERT INTO api_contact VALUES(7,'Naila','Kitdon''tmatter','rtyuio 34231 13','matter@gmail.com','123456789',1);
INSERT INTO api_contact VALUES(8,'Naila','Kitdon''tmatter','here','matter@gmail.com','123456789',1);
INSERT INTO api_contact VALUES(9,'Naila','Kitdon''tmatter','here','matter@gmail.com','123456789',1);
CREATE TABLE IF NOT EXISTS "api_style_categories" ("id" integer NOT NULL PRIMARY KEY AUTOINCREMENT, "style_id" integer NOT NULL REFERENCES "api_style" ("id") DEFERRABLE INITIALLY DEFERRED, "category_id" integer NOT NULL REFERENCES "api_category" ("id") DEFERRABLE INITIALLY DEFERRED);
CREATE TABLE IF NOT EXISTS "api_image" ("id" integer NOT NULL PRIMARY KEY AUTOINCREMENT, "name" varchar(20) NOT NULL, "timestamp" datetime NOT NULL, "image" varchar(100) NOT NULL);
INSERT INTO api_image VALUES(5,'Argan Oil','2018-11-10 17:32:56.572217','argan_oil.jpeg');
INSERT INTO api_image VALUES(6,'Coconut','2018-11-10 17:45:46.587142','coconut.jpeg');
INSERT INTO api_image VALUES(7,'Argan plus','2018-11-10 17:56:29.166925','argan_plus.jpeg');
INSERT INTO api_image VALUES(8,'Elvive','2018-11-10 17:58:22.977361','elvive.jpeg');
INSERT INTO api_image VALUES(9,'Short and Sleek','2018-11-10 17:58:47.927184','short_sleek.jpg');
INSERT INTO api_image VALUES(10,'Moisturizing Shampoo','2018-11-10 18:00:03.437135','shamp_cond.jpeg');
INSERT INTO api_image VALUES(11,'Shea Butter','2018-11-10 18:00:34.169057','shea_butter.jpeg');
INSERT INTO api_image VALUES(12,'Coconut CoWash','2018-11-10 18:01:01.737638','coconut_cowash.jpeg');
INSERT INTO api_image VALUES(13,'Pantene Smooth','2018-11-10 19:42:50.599287','shampoo_plus.jpeg');
INSERT INTO api_image VALUES(14,'Twisty Curls','2018-11-10 19:49:28.520224','twisty_curls.jpg');
INSERT INTO api_image VALUES(15,'The Beehive','2018-11-10 19:49:44.149799','beehive.jpg');
INSERT INTO api_image VALUES(16,'The Mohawk','2018-11-10 19:50:11.392355','mohawk.jpg');
INSERT INTO api_image VALUES(17,'The Spiky Look','2018-11-10 19:50:41.076102','spiky.jpg');
INSERT INTO api_image VALUES(18,'HollyWood Glamour','2018-11-10 19:51:22.353897','hollywood.jpg');
INSERT INTO api_image VALUES(19,'Cornrows','2018-11-10 19:51:40.224637','Cornrows.jpg');
INSERT INTO api_image VALUES(20,'Curly Top','2018-11-10 19:51:59.449390','curly_top.jpg');
INSERT INTO api_image VALUES(21,'Frizzy Curls','2018-11-10 19:52:26.662883','frizzy.jpg');
INSERT INTO api_image VALUES(22,'my hair','2018-11-12 22:28:30.719940','FB_IMG_1539699458736.jpg');
CREATE TABLE IF NOT EXISTS "api_cart_products" ("id" integer NOT NULL PRIMARY KEY AUTOINCREMENT, "cart_id" integer NOT NULL REFERENCES "api_cart" ("id") DEFERRABLE INITIALLY DEFERRED, "product_id" integer NOT NULL REFERENCES "api_product" ("id") DEFERRABLE INITIALLY DEFERRED);
INSERT INTO api_cart_products VALUES(1,5,2);
INSERT INTO api_cart_products VALUES(2,5,6);
INSERT INTO api_cart_products VALUES(3,6,4);
INSERT INTO api_cart_products VALUES(4,7,2);
INSERT INTO api_cart_products VALUES(5,7,3);
CREATE TABLE IF NOT EXISTS "api_cart" ("id" integer NOT NULL PRIMARY KEY AUTOINCREMENT, "name" varchar(50) NOT NULL);
INSERT INTO api_cart VALUES(5,'my cart');
INSERT INTO api_cart VALUES(6,'my second Cart');
INSERT INTO api_cart VALUES(7,'my cart');
CREATE TABLE IF NOT EXISTS "api_cart_styles" ("id" integer NOT NULL PRIMARY KEY AUTOINCREMENT, "cart_id" integer NOT NULL REFERENCES "api_cart" ("id") DEFERRABLE INITIALLY DEFERRED, "style_id" integer NOT NULL REFERENCES "api_style" ("id") DEFERRABLE INITIALLY DEFERRED);
INSERT INTO api_cart_styles VALUES(1,5,3);
INSERT INTO api_cart_styles VALUES(2,5,6);
INSERT INTO api_cart_styles VALUES(3,6,5);
INSERT INTO api_cart_styles VALUES(4,7,3);
INSERT INTO api_cart_styles VALUES(5,7,4);
CREATE TABLE IF NOT EXISTS "api_purchased_products" ("id" integer NOT NULL PRIMARY KEY AUTOINCREMENT, "purchased_id" integer NOT NULL REFERENCES "api_purchased" ("id") DEFERRABLE INITIALLY DEFERRED, "product_id" integer NOT NULL REFERENCES "api_product" ("id") DEFERRABLE INITIALLY DEFERRED);
INSERT INTO api_purchased_products VALUES(1,1,5);
CREATE TABLE IF NOT EXISTS "api_purchased" ("id" integer NOT NULL PRIMARY KEY AUTOINCREMENT, "name" varchar(50) NOT NULL);
INSERT INTO api_purchased VALUES(1,'my purchase history');
INSERT INTO api_purchased VALUES(2,'Jay''s history');
CREATE TABLE IF NOT EXISTS "api_purchased_styles" ("id" integer NOT NULL PRIMARY KEY AUTOINCREMENT, "purchased_id" integer NOT NULL REFERENCES "api_purchased" ("id") DEFERRABLE INITIALLY DEFERRED, "style_id" integer NOT NULL REFERENCES "api_style" ("id") DEFERRABLE INITIALLY DEFERRED);
INSERT INTO api_purchased_styles VALUES(1,1,4);
INSERT INTO api_purchased_styles VALUES(2,2,5);
CREATE TABLE IF NOT EXISTS "api_category" ("id" integer NOT NULL PRIMARY KEY AUTOINCREMENT, "name" varchar(100) NOT NULL, "type" varchar(7) NOT NULL);
INSERT INTO api_category VALUES(7,'Treatments','P');
INSERT INTO api_category VALUES(8,'Shampoos','P');
INSERT INTO api_category VALUES(9,'Conditioners','P');
CREATE TABLE IF NOT EXISTS "api_featurette" ("id" integer NOT NULL PRIMARY KEY AUTOINCREMENT, "updated_date" date NOT NULL, "product_id" integer NOT NULL UNIQUE REFERENCES "api_product" ("id") DEFERRABLE INITIALLY DEFERRED, "style_id" integer NOT NULL UNIQUE REFERENCES "api_style" ("id") DEFERRABLE INITIALLY DEFERRED, "name" varchar(50) NOT NULL, "stylist_id" integer NOT NULL UNIQUE REFERENCES "api_stylist" ("id") DEFERRABLE INITIALLY DEFERRED);
INSERT INTO api_featurette VALUES(1,'2018-11-12',5,3,'featured_01',1);
CREATE TABLE IF NOT EXISTS "api_style" ("id" integer NOT NULL PRIMARY KEY AUTOINCREMENT, "name" varchar(100) NOT NULL, "price" real NOT NULL, "description" varchar(200) NOT NULL, "num_requested" integer NOT NULL, "image_id" integer NULL REFERENCES "api_image" ("id") DEFERRABLE INITIALLY DEFERRED, "duration" real NOT NULL, "purchased_date" date NOT NULL, "type" varchar(10) NOT NULL, "date" date NOT NULL);
INSERT INTO api_style VALUES(2,'The Mohawk',50.0,'She has the sides shaved with the top long and proud.',0,16,35.0,'2018-11-08','Style','2018-11-08');
INSERT INTO api_style VALUES(3,'Frizzy Curls',65.0,'Curls can become frizzy, but that’s why we have lots of products to help out in that area.',0,21,45.0,'2018-11-08','Style','2018-11-08');
INSERT INTO api_style VALUES(4,'Curly Top',60.0,'We love all these natural curls. It makes her short look even shorter.',0,20,40.0,'2018-11-08','Style','2018-11-08');
INSERT INTO api_style VALUES(5,'Cornrows',120.0,'Braids are hugely popular for black women. It’s a very convenient look that is beautiful as well.',0,19,6.0,'2018-11-08','Style','2018-11-08');
INSERT INTO api_style VALUES(6,'HollyWood Glamour',60.0,'I love this style because it speaks of old Hollywood glamor.',0,18,35.0,'2018-11-08','Style','2018-11-08');
INSERT INTO api_style VALUES(7,'Short and Sleek',35.0,'This style is very sexy and sophisticated',0,9,25.0,'2018-11-08','Style','2018-11-08');
INSERT INTO api_style VALUES(8,'The Spiky Look',30.0,'This is similar to the pixie style but this one she has spiked',0,17,30.0,'2018-11-08','Style','2018-11-08');
INSERT INTO api_style VALUES(9,'The Beehive',50.0,'The beehive is still a popular choice for black women.',0,15,40.0,'2018-11-08','Style','2018-11-08');
INSERT INTO api_style VALUES(10,'Twisty Curls',75.0,'Her curls are insanely tight, you really don’t get much tighter than this',0,14,60.0,'2018-11-08','Style','2018-11-08');
CREATE TABLE IF NOT EXISTS "api_stylist" ("id" integer NOT NULL PRIMARY KEY AUTOINCREMENT, "type" varchar(10) NOT NULL, "image_id" integer NULL REFERENCES "api_image" ("id") DEFERRABLE INITIALLY DEFERRED, "name" varchar(25) NOT NULL, "email" varchar(25) NOT NULL, "phone" varchar(18) NOT NULL, "address" varchar(25) NOT NULL, "city" varchar(25) NOT NULL, "state" varchar(25) NOT NULL, "zipcode" integer NOT NULL, "date" date NOT NULL, "description" varchar(200) NOT NULL);
INSERT INTO api_stylist VALUES(1,'Stylist',22,'Leytie Dimanche','rhodes1.md@gmail.com','5612158237','1105 NW 3rd Ave apt G5','Tulsa','OK',74005,'2018-11-12','Lovely Stylist who loves to have fun, enjoys a walk on the wild side.');
CREATE TABLE IF NOT EXISTS "api_product" ("id" integer NOT NULL PRIMARY KEY AUTOINCREMENT, "name" varchar(100) NOT NULL, "price" real NOT NULL, "company" varchar(100) NOT NULL, "description" varchar(200) NOT NULL, "quantity" integer NOT NULL, "num_requested" integer NOT NULL, "image_id" integer NULL REFERENCES "api_image" ("id") DEFERRABLE INITIALLY DEFERRED, "type" varchar(10) NOT NULL, "purchased_date" date NOT NULL, "date" date NOT NULL);
INSERT INTO api_product VALUES(2,'Coconut & Hibiscus Curl & Style Milk',5.5899999999999998578,'SheaMoisture','Detangles and Defines Curls in Thick Hair - Color-Safe and Sulfate-Free with Natural and Organic Ingredients - Rich Moisturizer for Frizzy, Curly Hair',20,0,12,'Product','2018-11-12','2018-11-10');
INSERT INTO api_product VALUES(3,'Coconut CoWash',18.469999999999998863,'As I Am','As I Am Coconut CoWash Cleansig Conditioner, 16 oz (Pack of 2)',20,0,6,'Product','2018-11-12','2018-11-10');
INSERT INTO api_product VALUES(4,'Shea Butter',5.9699999999999997513,'Cantu','Cantu Shea Butter Leave-In Conditioning Repair Cream, 16 oz',20,0,11,'Product','2018-11-12','2018-11-10');
INSERT INTO api_product VALUES(5,'Moisturizing Shampoo and Conditioner',6.9800000000000004263,'TRESemmé','TRESemmé Moisturizing Shampoo and Conditioner for Dry Hair, Rich Moisture, 28 oz, 2 Count',20,0,10,'Product','2018-11-12','2018-11-10');
INSERT INTO api_product VALUES(6,'Smooth & Sleek Pack',9.8800000000000007815,'Pantene','Pantene Smooth & Sleek Pack with Shampoo 12.6 fl. oz., Conditioner 12.0 fl. oz. & Airspray 7 oz.',20,0,13,'Product','2018-11-12','2018-11-10');
INSERT INTO api_product VALUES(7,'Elvive Total Repair',5.7000000000000001776,'L''Oreal Paris','L''Oreal Paris Elvive Total Repair 5 Damage-Erasing Balm 8.5 FL OZ',20,0,8,'Product','2018-11-12','2018-11-10');
INSERT INTO api_product VALUES(8,'Argan Oil of Morocco',5.7400000000000002131,'OGX','OGX Renewing Argan Oil of Morocco Intense Moisturizing Treatment, 8 oz',20,0,5,'Product','2018-11-12','2018-11-10');
INSERT INTO api_product VALUES(9,'Renewing + Moroccan Argan Penetrating Oil',5.9900000000000002131,'OGX','OGX Renewing + Moroccan Argan Penetrating Oil, 3.3 FL OZ',20,0,7,'Product','2018-11-12','2018-11-10');
INSERT INTO api_product VALUES(10,'Coconut Oil 100%',4.4800000000000004263,'Queen Helene','Queen Helene 100% Coconut Oil for Body, Hair, Lips and Nail, 10.75 Oz',20,0,6,'Product','2018-11-12','2018-11-10');
CREATE TABLE IF NOT EXISTS "django_admin_log" ("id" integer NOT NULL PRIMARY KEY AUTOINCREMENT, "action_time" datetime NOT NULL, "object_id" text NULL, "object_repr" varchar(200) NOT NULL, "action_flag" smallint unsigned NOT NULL, "change_message" text NOT NULL, "content_type_id" integer NULL REFERENCES "django_content_type" ("id") DEFERRABLE INITIALLY DEFERRED, "user_id" integer NOT NULL REFERENCES "api_user" ("id") DEFERRABLE INITIALLY DEFERRED);
INSERT INTO django_admin_log VALUES(1,'2018-11-08 13:42:33.054834','1','categories',1,'[{"added": {}}]',3,1);
INSERT INTO django_admin_log VALUES(2,'2018-11-08 14:23:36.937879','4','Category object (4)',1,'[{"added": {}}]',10,1);
INSERT INTO django_admin_log VALUES(3,'2018-11-08 14:23:41.460661','5','Category object (5)',1,'[{"added": {}}]',10,1);
INSERT INTO django_admin_log VALUES(4,'2018-11-08 14:23:50.290978','6','Category object (6)',1,'[{"added": {}}]',10,1);
INSERT INTO django_admin_log VALUES(5,'2018-11-08 14:24:40.644376','1','categories',3,'',3,1);
INSERT INTO django_admin_log VALUES(6,'2018-11-08 14:25:42.893789','2','stylists',1,'[{"added": {}}]',3,1);
INSERT INTO django_admin_log VALUES(7,'2018-11-08 14:28:10.624174','1','Style object (1)',1,'[{"added": {}}]',11,1);
INSERT INTO django_admin_log VALUES(8,'2018-11-08 14:34:04.951053','1','Product object (1)',1,'[{"added": {}}]',9,1);
INSERT INTO django_admin_log VALUES(9,'2018-11-08 14:34:08.209860','1','Cart object (1)',1,'[{"added": {}}]',13,1);
INSERT INTO django_admin_log VALUES(10,'2018-11-08 14:36:52.773526','2','Cart object (2)',1,'[{"added": {}}]',13,1);
INSERT INTO django_admin_log VALUES(11,'2018-11-08 14:37:02.528372','3','Cart object (3)',1,'[{"added": {}}]',13,1);
INSERT INTO django_admin_log VALUES(12,'2018-11-08 14:38:22.440904','1','Purchased object (1)',1,'[{"added": {}}]',14,1);
INSERT INTO django_admin_log VALUES(13,'2018-11-08 14:46:52.808692','1','User object (1)',1,'[{"added": {}}]',12,1);
INSERT INTO django_admin_log VALUES(14,'2018-11-08 15:49:22.073220','6','Treatment',3,'',10,1);
INSERT INTO django_admin_log VALUES(15,'2018-11-08 15:49:22.079095','5','Conditioner',3,'',10,1);
INSERT INTO django_admin_log VALUES(16,'2018-11-08 15:49:22.080490','4','Shampoo',3,'',10,1);
INSERT INTO django_admin_log VALUES(17,'2018-11-08 15:49:22.081750','3','Conditionner',3,'',10,1);
INSERT INTO django_admin_log VALUES(18,'2018-11-08 15:49:22.083124','2','Shampoo',3,'',10,1);
INSERT INTO django_admin_log VALUES(19,'2018-11-08 15:49:22.084417','1','Treatments',3,'',10,1);
INSERT INTO django_admin_log VALUES(20,'2018-11-08 15:49:36.874694','7','Treatments',1,'[{"added": {}}]',10,1);
INSERT INTO django_admin_log VALUES(21,'2018-11-08 15:49:49.168352','8','Shampoos',1,'[{"added": {}}]',10,1);
INSERT INTO django_admin_log VALUES(22,'2018-11-08 15:50:17.503708','9','Conditioners',1,'[{"added": {}}]',10,1);
INSERT INTO django_admin_log VALUES(23,'2018-11-08 22:35:01.287072','1','beer',3,'',9,1);
INSERT INTO django_admin_log VALUES(24,'2018-11-08 22:39:05.907105','2','Coconut & Hibiscus Curl & Style Milk',1,'[{"added": {}}]',9,1);
INSERT INTO django_admin_log VALUES(25,'2018-11-08 22:42:10.278245','3','Coconut CoWash',1,'[{"added": {}}]',9,1);
INSERT INTO django_admin_log VALUES(26,'2018-11-08 22:44:31.340183','4','Shea Butter',1,'[{"added": {}}]',9,1);
INSERT INTO django_admin_log VALUES(27,'2018-11-08 22:45:52.287954','5','Moisturizing Shampoo and Conditioner',1,'[{"added": {}}]',9,1);
INSERT INTO django_admin_log VALUES(28,'2018-11-08 22:46:07.685645','1','butter nutter',3,'',11,1);
INSERT INTO django_admin_log VALUES(29,'2018-11-08 22:51:57.813288','6','Smooth & Sleek Pack',1,'[{"added": {}}]',9,1);
INSERT INTO django_admin_log VALUES(30,'2018-11-08 22:54:07.914789','7','Elvive Total Repair',1,'[{"added": {}}]',9,1);
INSERT INTO django_admin_log VALUES(31,'2018-11-08 22:55:59.914739','8','Argan Oil of Morocco',1,'[{"added": {}}]',9,1);
INSERT INTO django_admin_log VALUES(32,'2018-11-08 22:57:41.587908','9','Renewing + Moroccan Argan Penetrating Oil',1,'[{"added": {}}]',9,1);
INSERT INTO django_admin_log VALUES(33,'2018-11-08 22:59:36.519150','10','Coconut Oil 100%',1,'[{"added": {}}]',9,1);
INSERT INTO django_admin_log VALUES(34,'2018-11-08 23:10:49.968664','2','The Mohawk',1,'[{"added": {}}]',11,1);
INSERT INTO django_admin_log VALUES(35,'2018-11-08 23:11:29.862219','3','Frizzy Curls',1,'[{"added": {}}]',11,1);
INSERT INTO django_admin_log VALUES(36,'2018-11-08 23:12:38.143447','4','Curly Top',1,'[{"added": {}}]',11,1);
INSERT INTO django_admin_log VALUES(37,'2018-11-08 23:13:26.119188','5','Cornrows',1,'[{"added": {}}]',11,1);
INSERT INTO django_admin_log VALUES(38,'2018-11-08 23:14:12.077977','6','HollyWood Glamour',1,'[{"added": {}}]',11,1);
INSERT INTO django_admin_log VALUES(39,'2018-11-08 23:24:54.744128','7','Short and Sleek',1,'[{"added": {}}]',11,1);
INSERT INTO django_admin_log VALUES(40,'2018-11-08 23:31:14.222860','8','The Spiky Look',1,'[{"added": {}}]',11,1);
INSERT INTO django_admin_log VALUES(41,'2018-11-08 23:33:41.945641','9','The Beehive',1,'[{"added": {}}]',11,1);
INSERT INTO django_admin_log VALUES(42,'2018-11-08 23:34:25.680644','10','Twisty Curls',1,'[{"added": {}}]',11,1);
INSERT INTO django_admin_log VALUES(43,'2018-11-09 00:33:15.807664','2','Dimanche, Marie Leytie',1,'[{"added": {}}]',12,1);
INSERT INTO django_admin_log VALUES(44,'2018-11-09 01:30:48.535401','5','Cornrows',2,'[{"changed": {"fields": ["image"]}}]',11,1);
INSERT INTO django_admin_log VALUES(45,'2018-11-09 01:51:42.044743','5','Cornrows',2,'[{"changed": {"fields": ["image"]}}]',11,1);
INSERT INTO django_admin_log VALUES(46,'2018-11-09 01:59:00.449292','7','Elvive Total Repair',2,'[{"changed": {"fields": ["image"]}}]',9,1);
INSERT INTO django_admin_log VALUES(47,'2018-11-09 02:01:07.592910','5','Cornrows',2,'[{"changed": {"fields": ["image"]}}]',11,1);
INSERT INTO django_admin_log VALUES(48,'2018-11-09 02:01:37.716943','5','Cornrows',2,'[{"changed": {"fields": ["image"]}}]',11,1);
INSERT INTO django_admin_log VALUES(49,'2018-11-09 02:03:15.705829','3','Frizzy Curls',2,'[{"changed": {"fields": ["image"]}}]',11,1);
INSERT INTO django_admin_log VALUES(50,'2018-11-09 02:05:10.187262','6','HollyWood Glamour',2,'[{"changed": {"fields": ["image"]}}]',11,1);
INSERT INTO django_admin_log VALUES(51,'2018-11-09 02:08:50.899995','5','Cornrows',2,'[{"changed": {"fields": ["image"]}}]',11,1);
INSERT INTO django_admin_log VALUES(52,'2018-11-09 02:09:49.968081','5','Cornrows',2,'[{"changed": {"fields": ["image"]}}]',11,1);
INSERT INTO django_admin_log VALUES(53,'2018-11-09 02:11:15.913015','5','Cornrows',2,'[{"changed": {"fields": ["image"]}}]',11,1);
INSERT INTO django_admin_log VALUES(54,'2018-11-09 02:21:52.043096','4','Curly Top',2,'[{"changed": {"fields": ["image"]}}]',11,1);
INSERT INTO django_admin_log VALUES(55,'2018-11-09 20:21:57.746533','1','Argan Oil_1',1,'[{"added": {}}]',16,1);
INSERT INTO django_admin_log VALUES(56,'2018-11-09 20:41:16.612692','2','argan oil plus_2',1,'[{"added": {}}]',16,1);
INSERT INTO django_admin_log VALUES(57,'2018-11-09 20:55:39.450205','3','Beehive',1,'[{"added": {}}]',16,1);
INSERT INTO django_admin_log VALUES(58,'2018-11-10 17:30:08.384831','1','Argan Oil',3,'',16,1);
INSERT INTO django_admin_log VALUES(59,'2018-11-10 17:30:11.938904','2','argan oil plus',3,'',16,1);
INSERT INTO django_admin_log VALUES(60,'2018-11-10 17:30:15.934566','3','Beehive',3,'',16,1);
INSERT INTO django_admin_log VALUES(61,'2018-11-10 17:31:32.310171','4','Argan Oil',1,'[{"added": {}}]',16,1);
INSERT INTO django_admin_log VALUES(62,'2018-11-10 17:32:45.680311','4','Argan Oil',3,'',16,1);
INSERT INTO django_admin_log VALUES(63,'2018-11-10 17:32:56.572865','5','Argan Oil',1,'[{"added": {}}]',16,1);
INSERT INTO django_admin_log VALUES(64,'2018-11-10 17:45:46.589534','6','Coconut',1,'[{"added": {}}]',16,1);
INSERT INTO django_admin_log VALUES(65,'2018-11-10 17:56:01.815941','10','Coconut Oil 100%',2,'[{"changed": {"fields": ["image"]}}]',9,1);
INSERT INTO django_admin_log VALUES(66,'2018-11-10 17:56:29.167545','7','Argan plus',1,'[{"added": {}}]',16,1);
INSERT INTO django_admin_log VALUES(67,'2018-11-10 17:57:50.676414','9','Renewing + Moroccan Argan Penetrating Oil',2,'[{"changed": {"fields": ["image"]}}]',9,1);
INSERT INTO django_admin_log VALUES(68,'2018-11-10 17:57:57.245599','8','Argan Oil of Morocco',2,'[{"changed": {"fields": ["image"]}}]',9,1);
INSERT INTO django_admin_log VALUES(69,'2018-11-10 17:58:22.977886','8','Elvive',1,'[{"added": {}}]',16,1);
INSERT INTO django_admin_log VALUES(70,'2018-11-10 17:58:25.277583','7','Elvive Total Repair',2,'[{"changed": {"fields": ["image"]}}]',9,1);
INSERT INTO django_admin_log VALUES(71,'2018-11-10 17:58:47.927883','9','Short and Sleek',1,'[{"added": {}}]',16,1);
INSERT INTO django_admin_log VALUES(72,'2018-11-10 17:58:50.270817','6','Smooth & Sleek Pack',2,'[{"changed": {"fields": ["image"]}}]',9,1);
INSERT INTO django_admin_log VALUES(73,'2018-11-10 18:00:03.437724','10','Moisturizing Shampoo',1,'[{"added": {}}]',16,1);
INSERT INTO django_admin_log VALUES(74,'2018-11-10 18:00:06.824606','5','Moisturizing Shampoo and Conditioner',2,'[{"changed": {"fields": ["image"]}}]',9,1);
INSERT INTO django_admin_log VALUES(75,'2018-11-10 18:00:34.169663','11','Shea Butter',1,'[{"added": {}}]',16,1);
INSERT INTO django_admin_log VALUES(76,'2018-11-10 18:00:36.427042','4','Shea Butter',2,'[{"changed": {"fields": ["image"]}}]',9,1);
INSERT INTO django_admin_log VALUES(77,'2018-11-10 18:00:43.519908','3','Coconut CoWash',2,'[{"changed": {"fields": ["image"]}}]',9,1);
INSERT INTO django_admin_log VALUES(78,'2018-11-10 18:01:01.738252','12','Coconut CoWash',1,'[{"added": {}}]',16,1);
INSERT INTO django_admin_log VALUES(79,'2018-11-10 18:01:05.650715','2','Coconut & Hibiscus Curl & Style Milk',2,'[{"changed": {"fields": ["image"]}}]',9,1);
INSERT INTO django_admin_log VALUES(80,'2018-11-10 19:42:50.602385','13','Pantene Smooth',1,'[{"added": {}}]',16,1);
INSERT INTO django_admin_log VALUES(81,'2018-11-10 19:42:55.799313','6','Smooth & Sleek Pack',2,'[{"changed": {"fields": ["image"]}}]',9,1);
INSERT INTO django_admin_log VALUES(82,'2018-11-10 19:45:05.827675','7','Short and Sleek',2,'[{"changed": {"fields": ["image"]}}]',11,1);
INSERT INTO django_admin_log VALUES(83,'2018-11-10 19:49:28.521693','14','Twisty Curls',1,'[{"added": {}}]',16,1);
INSERT INTO django_admin_log VALUES(84,'2018-11-10 19:49:30.907502','10','Twisty Curls',2,'[{"changed": {"fields": ["image"]}}]',11,1);
INSERT INTO django_admin_log VALUES(85,'2018-11-10 19:49:44.150329','15','The Beehive',1,'[{"added": {}}]',16,1);
INSERT INTO django_admin_log VALUES(86,'2018-11-10 19:49:46.977195','9','The Beehive',2,'[{"changed": {"fields": ["image"]}}]',11,1);
INSERT INTO django_admin_log VALUES(87,'2018-11-10 19:50:11.392935','16','The Mohawk',1,'[{"added": {}}]',16,1);
INSERT INTO django_admin_log VALUES(88,'2018-11-10 19:50:13.834023','2','The Mohawk',2,'[{"changed": {"fields": ["image"]}}]',11,1);
INSERT INTO django_admin_log VALUES(89,'2018-11-10 19:50:41.076721','17','The Spiky Look',1,'[{"added": {}}]',16,1);
INSERT INTO django_admin_log VALUES(90,'2018-11-10 19:50:43.800396','8','The Spiky Look',2,'[{"changed": {"fields": ["image"]}}]',11,1);
INSERT INTO django_admin_log VALUES(91,'2018-11-10 19:51:22.354437','18','HollyWood Glamour',1,'[{"added": {}}]',16,1);
INSERT INTO django_admin_log VALUES(92,'2018-11-10 19:51:24.779874','6','HollyWood Glamour',2,'[{"changed": {"fields": ["image"]}}]',11,1);
INSERT INTO django_admin_log VALUES(93,'2018-11-10 19:51:40.225258','19','Cornrows',1,'[{"added": {}}]',16,1);
INSERT INTO django_admin_log VALUES(94,'2018-11-10 19:51:43.197018','5','Cornrows',2,'[{"changed": {"fields": ["image"]}}]',11,1);
INSERT INTO django_admin_log VALUES(95,'2018-11-10 19:51:59.449959','20','Curly Top',1,'[{"added": {}}]',16,1);
INSERT INTO django_admin_log VALUES(96,'2018-11-10 19:52:02.397157','4','Curly Top',2,'[{"changed": {"fields": ["image"]}}]',11,1);
INSERT INTO django_admin_log VALUES(97,'2018-11-10 19:52:26.663657','21','Frizzy Curls',1,'[{"added": {}}]',16,1);
INSERT INTO django_admin_log VALUES(98,'2018-11-10 19:52:29.114974','3','Frizzy Curls',2,'[{"changed": {"fields": ["image"]}}]',11,1);
INSERT INTO django_admin_log VALUES(99,'2018-11-10 23:56:39.912848','4','my cart',1,'[{"added": {}}]',13,1);
INSERT INTO django_admin_log VALUES(100,'2018-11-10 23:56:48.534123','4','my cart',2,'[{"changed": {"fields": ["products"]}}]',13,1);
INSERT INTO django_admin_log VALUES(101,'2018-11-11 23:45:06.489872','4','my cart',3,'',13,1);
INSERT INTO django_admin_log VALUES(102,'2018-11-11 23:45:31.794254','5','my cart',1,'[{"added": {}}]',13,1);
INSERT INTO django_admin_log VALUES(103,'2018-11-11 23:46:41.010572','6','my second Cart',1,'[{"added": {}}]',13,1);
INSERT INTO django_admin_log VALUES(104,'2018-11-12 00:01:11.719255','1','my purchase history',1,'[{"added": {}}]',14,1);
INSERT INTO django_admin_log VALUES(105,'2018-11-12 00:01:36.617200','2','Jay''s history',1,'[{"added": {}}]',14,1);
INSERT INTO django_admin_log VALUES(106,'2018-11-12 00:04:49.893067','1','featurette',1,'[{"added": {}}]',15,1);
INSERT INTO django_admin_log VALUES(107,'2018-11-12 22:28:30.721892','22','my hair',1,'[{"added": {}}]',16,1);
INSERT INTO django_admin_log VALUES(108,'2018-11-12 22:29:23.897412','1','Leytie Dimanche',1,'[{"added": {}}]',17,1);
INSERT INTO django_admin_log VALUES(109,'2018-11-12 22:30:05.551428','1','featured_01',2,'[{"changed": {"fields": ["name"]}}]',15,1);
INSERT INTO django_admin_log VALUES(110,'2018-11-12 22:48:54.935143','1','Leytie Dimanche',2,'[{"changed": {"fields": ["description"]}}]',17,1);
INSERT INTO django_admin_log VALUES(111,'2018-11-13 19:12:35.057003','2','Dimanche, Marie Leytie',3,'',12,2);
INSERT INTO django_admin_log VALUES(112,'2018-11-13 19:12:35.060351','1','Dimanche, Olson',3,'',12,2);
INSERT INTO django_admin_log VALUES(113,'2018-11-13 19:16:00.016512','7','my cart',1,'[{"added": {}}]',13,2);
INSERT INTO django_admin_log VALUES(114,'2018-11-13 19:16:41.004647','3','Dimanche, Olson',1,'[{"added": {}}]',12,2);
CREATE TABLE IF NOT EXISTS "api_user" ("id" integer NOT NULL PRIMARY KEY AUTOINCREMENT, "password" varchar(128) NOT NULL, "last_login" datetime NULL, "is_superuser" bool NOT NULL, "username" varchar(150) NOT NULL UNIQUE, "first_name" varchar(30) NOT NULL, "last_name" varchar(150) NOT NULL, "email" varchar(254) NOT NULL, "is_staff" bool NOT NULL, "is_active" bool NOT NULL, "date_joined" datetime NOT NULL, "phone" varchar(18) NOT NULL, "address" varchar(25) NOT NULL, "city" varchar(25) NOT NULL, "state" varchar(25) NOT NULL, "zipcode" integer NOT NULL, "stylist" bool NOT NULL, "cart_id" integer NULL UNIQUE REFERENCES "api_cart" ("id") DEFERRABLE INITIALLY DEFERRED, "image_id" integer NULL REFERENCES "api_image" ("id") DEFERRABLE INITIALLY DEFERRED, "purchased_id" integer NULL UNIQUE REFERENCES "api_purchased" ("id") DEFERRABLE INITIALLY DEFERRED, "groups" varchar(18) NOT NULL, "user_permissions" varchar(18) NOT NULL);
DELETE FROM sqlite_sequence;
INSERT INTO sqlite_sequence VALUES('django_migrations',44);
INSERT INTO sqlite_sequence VALUES('django_content_type',17);
INSERT INTO sqlite_sequence VALUES('auth_permission',68);
INSERT INTO sqlite_sequence VALUES('auth_user',3);
INSERT INTO sqlite_sequence VALUES('api_contact',9);
INSERT INTO sqlite_sequence VALUES('api_group',8);
INSERT INTO sqlite_sequence VALUES('auth_group',2);
INSERT INTO sqlite_sequence VALUES('auth_group_permissions',60);
INSERT INTO sqlite_sequence VALUES('api_product_categories',13);
INSERT INTO sqlite_sequence VALUES('api_style_categories',0);
INSERT INTO sqlite_sequence VALUES('api_image',22);
INSERT INTO sqlite_sequence VALUES('api_cart',7);
INSERT INTO sqlite_sequence VALUES('api_cart_styles',5);
INSERT INTO sqlite_sequence VALUES('api_cart_products',5);
INSERT INTO sqlite_sequence VALUES('api_purchased',2);
INSERT INTO sqlite_sequence VALUES('api_purchased_styles',2);
INSERT INTO sqlite_sequence VALUES('api_purchased_products',1);
INSERT INTO sqlite_sequence VALUES('api_category',9);
INSERT INTO sqlite_sequence VALUES('api_featurette',1);
INSERT INTO sqlite_sequence VALUES('api_style',10);
INSERT INTO sqlite_sequence VALUES('api_stylist',1);
INSERT INTO sqlite_sequence VALUES('api_product',10);
INSERT INTO sqlite_sequence VALUES('django_admin_log',114);
INSERT INTO sqlite_sequence VALUES('api_user',0);
CREATE UNIQUE INDEX auth_group_permissions_group_id_permission_id_0cd325b0_uniq ON "auth_group_permissions" ("group_id", "permission_id");
CREATE INDEX "auth_group_permissions_group_id_b120cbf9" ON "auth_group_permissions" ("group_id");
CREATE INDEX "auth_group_permissions_permission_id_84c5c92e" ON "auth_group_permissions" ("permission_id");
CREATE UNIQUE INDEX auth_user_groups_user_id_group_id_94350c0c_uniq ON "auth_user_groups" ("user_id", "group_id");
CREATE INDEX "auth_user_groups_user_id_6a12ed8b" ON "auth_user_groups" ("user_id");
CREATE INDEX "auth_user_groups_group_id_97559544" ON "auth_user_groups" ("group_id");
CREATE UNIQUE INDEX auth_user_user_permissions_user_id_permission_id_14a6b632_uniq ON "auth_user_user_permissions" ("user_id", "permission_id");
CREATE INDEX "auth_user_user_permissions_user_id_a95ead1b" ON "auth_user_user_permissions" ("user_id");
CREATE INDEX "auth_user_user_permissions_permission_id_1fbb5f2c" ON "auth_user_user_permissions" ("permission_id");
CREATE UNIQUE INDEX django_content_type_app_label_model_76bd3d3b_uniq ON "django_content_type" ("app_label", "model");
CREATE UNIQUE INDEX auth_permission_content_type_id_codename_01ab375a_uniq ON "auth_permission" ("content_type_id", "codename");
CREATE INDEX "auth_permission_content_type_id_2f476e4b" ON "auth_permission" ("content_type_id");
CREATE INDEX "django_session_expire_date_a5c62663" ON "django_session" ("expire_date");
CREATE UNIQUE INDEX api_product_categories_product_id_category_id_bac4732a_uniq ON "api_product_categories" ("product_id", "category_id");
CREATE INDEX "api_product_categories_product_id_50821535" ON "api_product_categories" ("product_id");
CREATE INDEX "api_product_categories_category_id_8dec49c0" ON "api_product_categories" ("category_id");
CREATE INDEX "api_contact_group_id_676d0e9d" ON "api_contact" ("group_id");
CREATE UNIQUE INDEX api_style_categories_style_id_category_id_cdad11e2_uniq ON "api_style_categories" ("style_id", "category_id");
CREATE INDEX "api_style_categories_style_id_8125a3dc" ON "api_style_categories" ("style_id");
CREATE INDEX "api_style_categories_category_id_5af3b93f" ON "api_style_categories" ("category_id");
CREATE UNIQUE INDEX api_cart_products_cart_id_product_id_a58b1dec_uniq ON "api_cart_products" ("cart_id", "product_id");
CREATE INDEX "api_cart_products_cart_id_90004265" ON "api_cart_products" ("cart_id");
CREATE INDEX "api_cart_products_product_id_d1e0bf70" ON "api_cart_products" ("product_id");
CREATE UNIQUE INDEX api_cart_styles_cart_id_style_id_e12aa463_uniq ON "api_cart_styles" ("cart_id", "style_id");
CREATE INDEX "api_cart_styles_cart_id_d3a58069" ON "api_cart_styles" ("cart_id");
CREATE INDEX "api_cart_styles_style_id_dc5096d1" ON "api_cart_styles" ("style_id");
CREATE UNIQUE INDEX api_purchased_products_purchased_id_product_id_7ccaf59d_uniq ON "api_purchased_products" ("purchased_id", "product_id");
CREATE INDEX "api_purchased_products_purchased_id_d60a305b" ON "api_purchased_products" ("purchased_id");
CREATE INDEX "api_purchased_products_product_id_c45d121d" ON "api_purchased_products" ("product_id");
CREATE UNIQUE INDEX api_purchased_styles_purchased_id_style_id_d005abc4_uniq ON "api_purchased_styles" ("purchased_id", "style_id");
CREATE INDEX "api_purchased_styles_purchased_id_bfe8206c" ON "api_purchased_styles" ("purchased_id");
CREATE INDEX "api_purchased_styles_style_id_1c028ddf" ON "api_purchased_styles" ("style_id");
CREATE INDEX "api_style_image_id_9c6f75ab" ON "api_style" ("image_id");
CREATE INDEX "api_stylist_image_id_22a7cab4" ON "api_stylist" ("image_id");
CREATE INDEX "api_product_image_id_e5236b8a" ON "api_product" ("image_id");
CREATE INDEX "django_admin_log_content_type_id_c4bce8eb" ON "django_admin_log" ("content_type_id");
CREATE INDEX "django_admin_log_user_id_c564eba6" ON "django_admin_log" ("user_id");
CREATE INDEX "api_user_image_id_18f79047" ON "api_user" ("image_id");
COMMIT;
