PRAGMA foreign_keys=OFF;
BEGIN TRANSACTION;
CREATE TABLE IF NOT EXISTS "django_migrations" ("id" integer NOT NULL PRIMARY KEY AUTOINCREMENT, "app" varchar(255) NOT NULL, "name" varchar(255) NOT NULL, "applied" datetime NOT NULL);
INSERT INTO django_migrations VALUES(1,'address','0001_initial','2018-11-22 20:59:52.909567');
INSERT INTO django_migrations VALUES(2,'contenttypes','0001_initial','2018-11-22 20:59:52.917390');
INSERT INTO django_migrations VALUES(3,'contenttypes','0002_remove_content_type_name','2018-11-22 20:59:52.931145');
INSERT INTO django_migrations VALUES(4,'auth','0001_initial','2018-11-22 20:59:52.950668');
INSERT INTO django_migrations VALUES(5,'auth','0002_alter_permission_name_max_length','2018-11-22 20:59:52.962073');
INSERT INTO django_migrations VALUES(6,'auth','0003_alter_user_email_max_length','2018-11-22 20:59:52.967931');
INSERT INTO django_migrations VALUES(7,'auth','0004_alter_user_username_opts','2018-11-22 20:59:52.975167');
INSERT INTO django_migrations VALUES(8,'auth','0005_alter_user_last_login_null','2018-11-22 20:59:52.980668');
INSERT INTO django_migrations VALUES(9,'auth','0006_require_contenttypes_0002','2018-11-22 20:59:52.982058');
INSERT INTO django_migrations VALUES(10,'auth','0007_alter_validators_add_error_messages','2018-11-22 20:59:52.988190');
INSERT INTO django_migrations VALUES(11,'auth','0008_alter_user_username_max_length','2018-11-22 20:59:52.994784');
INSERT INTO django_migrations VALUES(12,'auth','0009_alter_user_last_name_max_length','2018-11-22 20:59:53.000344');
INSERT INTO django_migrations VALUES(13,'users','0001_initial','2018-11-22 20:59:53.012411');
INSERT INTO django_migrations VALUES(14,'admin','0001_initial','2018-11-22 20:59:53.026330');
INSERT INTO django_migrations VALUES(15,'admin','0002_logentry_remove_auto_add','2018-11-22 20:59:53.038417');
INSERT INTO django_migrations VALUES(16,'admin','0003_logentry_add_action_flag_choices','2018-11-22 20:59:53.050634');
INSERT INTO django_migrations VALUES(17,'api','0001_initial','2018-11-22 20:59:53.055592');
INSERT INTO django_migrations VALUES(18,'sessions','0001_initial','2018-11-22 20:59:53.060338');
INSERT INTO django_migrations VALUES(19,'products','0001_initial','2018-11-22 21:56:18.449156');
INSERT INTO django_migrations VALUES(20,'users','0002_auto_20181122_2156','2018-11-22 21:56:18.468025');
INSERT INTO django_migrations VALUES(21,'products','0002_auto_20181122_2229','2018-11-22 22:29:14.668339');
INSERT INTO django_migrations VALUES(22,'products','0003_auto_20181123_1248','2018-11-23 12:48:33.544190');
INSERT INTO django_migrations VALUES(23,'products','0002_auto_20181124_1421','2018-11-24 14:21:54.227726');
INSERT INTO django_migrations VALUES(24,'orders','0001_initial','2018-11-24 14:53:08.193114');
INSERT INTO django_migrations VALUES(25,'orders','0002_auto_20181124_1510','2018-11-24 15:10:44.012843');
INSERT INTO django_migrations VALUES(26,'carts','0001_initial','2018-11-24 15:55:34.945844');
INSERT INTO django_migrations VALUES(27,'carts','0002_cart_user','2018-11-24 15:55:34.964505');
INSERT INTO django_migrations VALUES(28,'orders','0002_auto_20181124_1555','2018-11-24 15:55:35.031454');
INSERT INTO django_migrations VALUES(29,'users','0002_auto_20181124_1648','2018-11-24 16:48:17.727777');
INSERT INTO django_migrations VALUES(30,'carts','0003_auto_20181126_0159','2018-11-26 01:59:19.610033');
INSERT INTO django_migrations VALUES(31,'orders','0003_auto_20181126_0159','2018-11-26 01:59:19.631617');
INSERT INTO django_migrations VALUES(32,'users','0003_auto_20181126_0159','2018-11-26 01:59:19.646093');
INSERT INTO django_migrations VALUES(33,'users','0004_auto_20181126_0715','2018-11-26 07:15:53.023492');
INSERT INTO django_migrations VALUES(34,'images','0001_initial','2018-11-27 01:53:20.418374');
INSERT INTO django_migrations VALUES(35,'users','0005_auto_20181127_0153','2018-11-27 01:53:20.466848');
INSERT INTO django_migrations VALUES(36,'images','0002_auto_20181127_0317','2018-11-27 03:17:31.901148');
INSERT INTO django_migrations VALUES(37,'products','0002_auto_20181127_0454','2018-11-27 04:54:14.964172');
INSERT INTO django_migrations VALUES(38,'products','0003_auto_20181127_0542','2018-11-27 05:42:04.825986');
INSERT INTO django_migrations VALUES(39,'api','0002_featurette','2018-11-27 05:42:04.846376');
INSERT INTO django_migrations VALUES(40,'carts','0004_auto_20181127_1943','2018-11-27 19:43:53.584916');
INSERT INTO django_migrations VALUES(41,'users','0006_auto_20181127_1943','2018-11-27 19:43:53.608238');
INSERT INTO django_migrations VALUES(42,'products','0004_auto_20181128_0436','2018-11-28 04:37:03.328213');
INSERT INTO django_migrations VALUES(43,'products','0005_auto_20181128_0446','2018-11-28 04:46:24.286717');
INSERT INTO django_migrations VALUES(44,'products','0006_auto_20181128_0452','2018-11-28 04:52:33.268906');
INSERT INTO django_migrations VALUES(45,'api','0003_auto_20181128_1445','2018-11-28 14:45:24.187234');
INSERT INTO django_migrations VALUES(46,'api','0004_auto_20181128_1447','2018-11-28 14:47:56.697155');
INSERT INTO django_migrations VALUES(47,'images','0003_auto_20181128_1607','2018-11-28 16:07:18.975698');
INSERT INTO django_migrations VALUES(48,'users','0007_stylist','2018-11-28 16:07:18.994814');
INSERT INTO django_migrations VALUES(49,'users','0008_remove_stylist_gallery','2018-11-28 16:23:50.880412');
INSERT INTO django_migrations VALUES(50,'images','0004_auto_20181128_1623','2018-11-28 16:23:50.911159');
INSERT INTO django_migrations VALUES(51,'api','0005_auto_20181128_1634','2018-11-28 16:34:49.544286');
INSERT INTO django_migrations VALUES(52,'images','0005_auto_20181128_1634','2018-11-28 16:34:49.557533');
INSERT INTO django_migrations VALUES(53,'users','0009_auto_20181128_1634','2018-11-28 16:34:49.595866');
INSERT INTO django_migrations VALUES(54,'api','0006_auto_20181128_1640','2018-11-28 16:40:33.445186');
INSERT INTO django_migrations VALUES(55,'images','0006_auto_20181128_1640','2018-11-28 16:40:33.458323');
INSERT INTO django_migrations VALUES(56,'users','0010_stylist','2018-11-28 16:40:33.481942');
INSERT INTO django_migrations VALUES(57,'images','0007_auto_20181128_1642','2018-11-28 16:42:06.908075');
INSERT INTO django_migrations VALUES(58,'images','0008_gallery','2018-11-28 16:49:50.418055');
INSERT INTO django_migrations VALUES(59,'users','0011_stylist_gallery','2018-11-28 17:00:44.707218');
INSERT INTO django_migrations VALUES(60,'api','0007_auto_20181128_2259','2018-11-28 22:59:45.904087');
INSERT INTO django_migrations VALUES(61,'products','0007_auto_20181128_2259','2018-11-28 22:59:45.954058');
INSERT INTO django_migrations VALUES(62,'carts','0005_auto_20181129_0027','2018-11-29 00:27:31.391668');
INSERT INTO django_migrations VALUES(63,'carts','0006_auto_20181129_0028','2018-11-29 00:28:29.737104');
INSERT INTO django_migrations VALUES(64,'carts','0007_auto_20181129_0057','2018-11-29 00:57:28.204731');
INSERT INTO django_migrations VALUES(65,'products','0008_auto_20181203_0213','2018-12-03 02:15:45.555601');
INSERT INTO django_migrations VALUES(66,'api','0002_featurette_stylist','2018-12-03 02:35:14.849445');
CREATE TABLE IF NOT EXISTS "address_address" ("id" integer NOT NULL PRIMARY KEY AUTOINCREMENT, "a_type" varchar(10) NOT NULL, "Street" varchar(25) NOT NULL, "city" varchar(25) NOT NULL, "state" varchar(25) NOT NULL, "zipcode" varchar(10) NOT NULL, "Country" varchar(15) NOT NULL);
CREATE TABLE IF NOT EXISTS "django_content_type" ("id" integer NOT NULL PRIMARY KEY AUTOINCREMENT, "app_label" varchar(100) NOT NULL, "model" varchar(100) NOT NULL);
INSERT INTO django_content_type VALUES(1,'admin','logentry');
INSERT INTO django_content_type VALUES(2,'auth','permission');
INSERT INTO django_content_type VALUES(3,'auth','group');
INSERT INTO django_content_type VALUES(4,'contenttypes','contenttype');
INSERT INTO django_content_type VALUES(5,'sessions','session');
INSERT INTO django_content_type VALUES(6,'api','contact');
INSERT INTO django_content_type VALUES(7,'users','user');
INSERT INTO django_content_type VALUES(8,'address','address');
INSERT INTO django_content_type VALUES(9,'users','address');
INSERT INTO django_content_type VALUES(10,'products','product');
INSERT INTO django_content_type VALUES(11,'products','cart');
INSERT INTO django_content_type VALUES(12,'products','cartitem');
INSERT INTO django_content_type VALUES(13,'products','history');
INSERT INTO django_content_type VALUES(14,'products','variation');
INSERT INTO django_content_type VALUES(15,'orders','usercheckout');
INSERT INTO django_content_type VALUES(16,'orders','order');
INSERT INTO django_content_type VALUES(17,'carts','cart');
INSERT INTO django_content_type VALUES(18,'carts','cartitem');
INSERT INTO django_content_type VALUES(19,'images','image');
INSERT INTO django_content_type VALUES(20,'api','featurette');
INSERT INTO django_content_type VALUES(21,'users','stylist');
INSERT INTO django_content_type VALUES(22,'images','gallery');
CREATE TABLE IF NOT EXISTS "auth_group" ("id" integer NOT NULL PRIMARY KEY AUTOINCREMENT, "name" varchar(80) NOT NULL UNIQUE);
CREATE TABLE IF NOT EXISTS "auth_group_permissions" ("id" integer NOT NULL PRIMARY KEY AUTOINCREMENT, "group_id" integer NOT NULL REFERENCES "auth_group" ("id") DEFERRABLE INITIALLY DEFERRED, "permission_id" integer NOT NULL REFERENCES "auth_permission" ("id") DEFERRABLE INITIALLY DEFERRED);
CREATE TABLE IF NOT EXISTS "auth_permission" ("id" integer NOT NULL PRIMARY KEY AUTOINCREMENT, "content_type_id" integer NOT NULL REFERENCES "django_content_type" ("id") DEFERRABLE INITIALLY DEFERRED, "codename" varchar(100) NOT NULL, "name" varchar(255) NOT NULL);
INSERT INTO auth_permission VALUES(1,1,'add_logentry','Can add log entry');
INSERT INTO auth_permission VALUES(2,1,'change_logentry','Can change log entry');
INSERT INTO auth_permission VALUES(3,1,'delete_logentry','Can delete log entry');
INSERT INTO auth_permission VALUES(4,1,'view_logentry','Can view log entry');
INSERT INTO auth_permission VALUES(5,2,'add_permission','Can add permission');
INSERT INTO auth_permission VALUES(6,2,'change_permission','Can change permission');
INSERT INTO auth_permission VALUES(7,2,'delete_permission','Can delete permission');
INSERT INTO auth_permission VALUES(8,2,'view_permission','Can view permission');
INSERT INTO auth_permission VALUES(9,3,'add_group','Can add group');
INSERT INTO auth_permission VALUES(10,3,'change_group','Can change group');
INSERT INTO auth_permission VALUES(11,3,'delete_group','Can delete group');
INSERT INTO auth_permission VALUES(12,3,'view_group','Can view group');
INSERT INTO auth_permission VALUES(13,4,'add_contenttype','Can add content type');
INSERT INTO auth_permission VALUES(14,4,'change_contenttype','Can change content type');
INSERT INTO auth_permission VALUES(15,4,'delete_contenttype','Can delete content type');
INSERT INTO auth_permission VALUES(16,4,'view_contenttype','Can view content type');
INSERT INTO auth_permission VALUES(17,5,'add_session','Can add session');
INSERT INTO auth_permission VALUES(18,5,'change_session','Can change session');
INSERT INTO auth_permission VALUES(19,5,'delete_session','Can delete session');
INSERT INTO auth_permission VALUES(20,5,'view_session','Can view session');
INSERT INTO auth_permission VALUES(21,6,'add_contact','Can add contact');
INSERT INTO auth_permission VALUES(22,6,'change_contact','Can change contact');
INSERT INTO auth_permission VALUES(23,6,'delete_contact','Can delete contact');
INSERT INTO auth_permission VALUES(24,6,'view_contact','Can view contact');
INSERT INTO auth_permission VALUES(25,7,'add_user','Can add user');
INSERT INTO auth_permission VALUES(26,7,'change_user','Can change user');
INSERT INTO auth_permission VALUES(27,7,'delete_user','Can delete user');
INSERT INTO auth_permission VALUES(28,7,'view_user','Can view user');
INSERT INTO auth_permission VALUES(29,8,'add_address','Can add address');
INSERT INTO auth_permission VALUES(30,8,'change_address','Can change address');
INSERT INTO auth_permission VALUES(31,8,'delete_address','Can delete address');
INSERT INTO auth_permission VALUES(32,8,'view_address','Can view address');
INSERT INTO auth_permission VALUES(33,9,'add_address','Can add address');
INSERT INTO auth_permission VALUES(34,9,'change_address','Can change address');
INSERT INTO auth_permission VALUES(35,9,'delete_address','Can delete address');
INSERT INTO auth_permission VALUES(36,9,'view_address','Can view address');
INSERT INTO auth_permission VALUES(37,10,'add_product','Can add product');
INSERT INTO auth_permission VALUES(38,10,'change_product','Can change product');
INSERT INTO auth_permission VALUES(39,10,'delete_product','Can delete product');
INSERT INTO auth_permission VALUES(40,10,'view_product','Can view product');
INSERT INTO auth_permission VALUES(41,11,'add_cart','Can add cart');
INSERT INTO auth_permission VALUES(42,11,'change_cart','Can change cart');
INSERT INTO auth_permission VALUES(43,11,'delete_cart','Can delete cart');
INSERT INTO auth_permission VALUES(44,11,'view_cart','Can view cart');
INSERT INTO auth_permission VALUES(45,12,'add_cartitem','Can add cart item');
INSERT INTO auth_permission VALUES(46,12,'change_cartitem','Can change cart item');
INSERT INTO auth_permission VALUES(47,12,'delete_cartitem','Can delete cart item');
INSERT INTO auth_permission VALUES(48,12,'view_cartitem','Can view cart item');
INSERT INTO auth_permission VALUES(49,13,'add_history','Can add history');
INSERT INTO auth_permission VALUES(50,13,'change_history','Can change history');
INSERT INTO auth_permission VALUES(51,13,'delete_history','Can delete history');
INSERT INTO auth_permission VALUES(52,13,'view_history','Can view history');
INSERT INTO auth_permission VALUES(53,14,'add_variation','Can add variation');
INSERT INTO auth_permission VALUES(54,14,'change_variation','Can change variation');
INSERT INTO auth_permission VALUES(55,14,'delete_variation','Can delete variation');
INSERT INTO auth_permission VALUES(56,14,'view_variation','Can view variation');
INSERT INTO auth_permission VALUES(57,15,'add_usercheckout','Can add user checkout');
INSERT INTO auth_permission VALUES(58,15,'change_usercheckout','Can change user checkout');
INSERT INTO auth_permission VALUES(59,15,'delete_usercheckout','Can delete user checkout');
INSERT INTO auth_permission VALUES(60,15,'view_usercheckout','Can view user checkout');
INSERT INTO auth_permission VALUES(61,16,'add_order','Can add order');
INSERT INTO auth_permission VALUES(62,16,'change_order','Can change order');
INSERT INTO auth_permission VALUES(63,16,'delete_order','Can delete order');
INSERT INTO auth_permission VALUES(64,16,'view_order','Can view order');
INSERT INTO auth_permission VALUES(65,17,'add_cart','Can add cart');
INSERT INTO auth_permission VALUES(66,17,'change_cart','Can change cart');
INSERT INTO auth_permission VALUES(67,17,'delete_cart','Can delete cart');
INSERT INTO auth_permission VALUES(68,17,'view_cart','Can view cart');
INSERT INTO auth_permission VALUES(69,18,'add_cartitem','Can add cart item');
INSERT INTO auth_permission VALUES(70,18,'change_cartitem','Can change cart item');
INSERT INTO auth_permission VALUES(71,18,'delete_cartitem','Can delete cart item');
INSERT INTO auth_permission VALUES(72,18,'view_cartitem','Can view cart item');
INSERT INTO auth_permission VALUES(73,19,'add_image','Can add image');
INSERT INTO auth_permission VALUES(74,19,'change_image','Can change image');
INSERT INTO auth_permission VALUES(75,19,'delete_image','Can delete image');
INSERT INTO auth_permission VALUES(76,19,'view_image','Can view image');
INSERT INTO auth_permission VALUES(77,20,'add_featurette','Can add featurette');
INSERT INTO auth_permission VALUES(78,20,'change_featurette','Can change featurette');
INSERT INTO auth_permission VALUES(79,20,'delete_featurette','Can delete featurette');
INSERT INTO auth_permission VALUES(80,20,'view_featurette','Can view featurette');
INSERT INTO auth_permission VALUES(81,21,'add_stylist','Can add stylist');
INSERT INTO auth_permission VALUES(82,21,'change_stylist','Can change stylist');
INSERT INTO auth_permission VALUES(83,21,'delete_stylist','Can delete stylist');
INSERT INTO auth_permission VALUES(84,21,'view_stylist','Can view stylist');
INSERT INTO auth_permission VALUES(85,22,'add_gallery','Can add gallery');
INSERT INTO auth_permission VALUES(86,22,'change_gallery','Can change gallery');
INSERT INTO auth_permission VALUES(87,22,'delete_gallery','Can delete gallery');
INSERT INTO auth_permission VALUES(88,22,'view_gallery','Can view gallery');
CREATE TABLE IF NOT EXISTS "users_user_groups" ("id" integer NOT NULL PRIMARY KEY AUTOINCREMENT, "user_id" integer NOT NULL REFERENCES "users_user" ("id") DEFERRABLE INITIALLY DEFERRED, "group_id" integer NOT NULL REFERENCES "auth_group" ("id") DEFERRABLE INITIALLY DEFERRED);
CREATE TABLE IF NOT EXISTS "users_user_user_permissions" ("id" integer NOT NULL PRIMARY KEY AUTOINCREMENT, "user_id" integer NOT NULL REFERENCES "users_user" ("id") DEFERRABLE INITIALLY DEFERRED, "permission_id" integer NOT NULL REFERENCES "auth_permission" ("id") DEFERRABLE INITIALLY DEFERRED);
CREATE TABLE IF NOT EXISTS "django_admin_log" ("id" integer NOT NULL PRIMARY KEY AUTOINCREMENT, "action_time" datetime NOT NULL, "object_id" text NULL, "object_repr" varchar(200) NOT NULL, "change_message" text NOT NULL, "content_type_id" integer NULL REFERENCES "django_content_type" ("id") DEFERRABLE INITIALLY DEFERRED, "user_id" integer NOT NULL REFERENCES "users_user" ("id") DEFERRABLE INITIALLY DEFERRED, "action_flag" smallint unsigned NOT NULL);
INSERT INTO django_admin_log VALUES(1,'2018-11-22 21:16:46.090884','1','Admin, Admin','[{"changed": {"fields": ["is_stylist", "image"]}}]',7,1,2);
INSERT INTO django_admin_log VALUES(2,'2018-11-24 21:37:35.318327','1','Taliah Waajid PhenomonOil','[{"added": {}}]',10,1,1);
INSERT INTO django_admin_log VALUES(3,'2018-11-24 21:38:52.417509','2','Palmer''s Lavender Rose Water Conditioner','[{"added": {}}]',10,1,1);
INSERT INTO django_admin_log VALUES(4,'2018-11-24 21:47:24.863396','1','1','[{"added": {}}]',17,1,1);
INSERT INTO django_admin_log VALUES(5,'2018-11-24 21:48:25.162054','1','Default','[{"added": {}}]',18,1,1);
INSERT INTO django_admin_log VALUES(6,'2018-11-24 22:07:10.756880','1','Default','',18,1,3);
INSERT INTO django_admin_log VALUES(7,'2018-11-24 22:09:33.319368','2','Default','[{"added": {}}]',18,1,1);
INSERT INTO django_admin_log VALUES(8,'2018-11-25 13:00:18.073974','2','Default','',18,1,3);
INSERT INTO django_admin_log VALUES(9,'2018-11-25 13:00:56.088729','3','Default','[{"added": {}}]',18,1,1);
INSERT INTO django_admin_log VALUES(10,'2018-11-25 13:01:47.728729','4','Default','[{"added": {}}]',18,1,1);
INSERT INTO django_admin_log VALUES(11,'2018-11-25 13:02:00.355829','5','Default','[{"added": {}}]',18,1,1);
INSERT INTO django_admin_log VALUES(12,'2018-11-25 13:06:39.774882','1','UserCheckout object (1)','[{"added": {}}]',15,1,1);
INSERT INTO django_admin_log VALUES(13,'2018-11-25 15:22:35.146995','2','Li, Carrie','[{"changed": {"fields": ["last_name", "phone", "image"]}}]',7,1,2);
INSERT INTO django_admin_log VALUES(14,'2018-11-25 15:23:17.878125','1','Address object (1)','[{"added": {}}]',9,1,1);
INSERT INTO django_admin_log VALUES(15,'2018-11-25 15:23:39.780742','2','Address object (2)','[{"added": {}}]',9,1,1);
INSERT INTO django_admin_log VALUES(16,'2018-11-25 15:24:13.279282','3','Address object (3)','[{"added": {}}]',9,1,1);
INSERT INTO django_admin_log VALUES(17,'2018-11-25 15:24:52.905959','1','Li, Carrie','[{"changed": {"fields": ["email"]}}]',15,1,2);
INSERT INTO django_admin_log VALUES(18,'2018-11-25 15:30:49.821806','1','1','[{"added": {}}]',16,1,1);
INSERT INTO django_admin_log VALUES(19,'2018-11-26 22:32:58.836720','6','1002 SW ARCHER RD APT 901','[{"changed": {"fields": ["user", "a_type"]}}]',9,1,2);
INSERT INTO django_admin_log VALUES(20,'2018-11-26 22:33:06.481563','5','1002 SW ARCHER RD APT 900','[{"changed": {"fields": ["user", "a_type"]}}]',9,1,2);
INSERT INTO django_admin_log VALUES(21,'2018-11-26 22:33:13.631050','4','2360 SW ARCHER RD APT 924','[{"changed": {"fields": ["user", "a_type"]}}]',9,1,2);
INSERT INTO django_admin_log VALUES(22,'2018-11-26 22:33:21.617865','3','279 Corry Vlg Apt # 5','[{"changed": {"fields": ["user", "a_type"]}}]',9,1,2);
INSERT INTO django_admin_log VALUES(23,'2018-11-26 22:33:30.268819','2','1105 NW 3rd Ave apt G5','[{"changed": {"fields": ["user", "a_type"]}}]',9,1,2);
INSERT INTO django_admin_log VALUES(24,'2018-11-26 22:33:41.576014','1','2360 SW ARCHER RD APT 924','[{"changed": {"fields": ["user", "a_type"]}}]',9,1,2);
INSERT INTO django_admin_log VALUES(25,'2018-11-27 01:55:20.821936','5','Default','',18,1,3);
INSERT INTO django_admin_log VALUES(26,'2018-11-27 01:55:20.826203','4','Default','',18,1,3);
INSERT INTO django_admin_log VALUES(27,'2018-11-27 01:55:20.827716','3','Default','',18,1,3);
INSERT INTO django_admin_log VALUES(28,'2018-11-27 01:55:30.681670','2','Palmer''s Lavender Rose Water Conditioner','',14,1,3);
INSERT INTO django_admin_log VALUES(29,'2018-11-27 01:55:30.684054','1','Taliah Waajid PhenomonOil','',14,1,3);
INSERT INTO django_admin_log VALUES(30,'2018-11-27 01:55:41.250418','2','Palmer''s Lavender Rose Water Conditioner','',10,1,3);
INSERT INTO django_admin_log VALUES(31,'2018-11-27 01:55:41.252158','1','Taliah Waajid PhenomonOil','',10,1,3);
INSERT INTO django_admin_log VALUES(32,'2018-11-27 03:16:12.441666','1','Shea Moisture Strengthen, Grow + Restore Conditioner','[{"added": {}}]',19,1,1);
INSERT INTO django_admin_log VALUES(33,'2018-11-27 03:18:26.112073','2','Shea Moisture Coconut Hibiscus Curl + Style Milk','[{"added": {}}]',19,1,1);
INSERT INTO django_admin_log VALUES(34,'2018-11-27 03:18:42.448841','3','Carol’s Daughter Black Vanilla Sulfate-Free Shampoo','[{"added": {}}]',19,1,1);
INSERT INTO django_admin_log VALUES(35,'2018-11-27 03:19:01.665104','4','Carol’s Daughter Mimosa Hair Honey Shine Pomade','[{"added": {}}]',19,1,1);
INSERT INTO django_admin_log VALUES(36,'2018-11-27 03:19:18.924456','5','Carol’s Daughter Hair Milk Leave-In Moisturizer','[{"added": {}}]',19,1,1);
INSERT INTO django_admin_log VALUES(37,'2018-11-27 03:19:33.653722','6','As I Am Coconut CoWash Cleansing Conditioner','[{"added": {}}]',19,1,1);
INSERT INTO django_admin_log VALUES(38,'2018-11-27 03:19:48.373536','7','Organix Moroccan Argan Oil Shampoo','[{"added": {}}]',19,1,1);
INSERT INTO django_admin_log VALUES(39,'2018-11-27 03:20:04.674384','8','Cantu Shea Butter Leave-In Conditioner','[{"added": {}}]',19,1,1);
INSERT INTO django_admin_log VALUES(40,'2018-11-27 03:20:27.348935','9','Cantu Shea Butter Twist And Lock Gel','[{"added": {}}]',19,1,1);
INSERT INTO django_admin_log VALUES(41,'2018-11-27 03:20:44.956480','10','Beautiful Textures Tangle Taming Shampoo','[{"added": {}}]',19,1,1);
INSERT INTO django_admin_log VALUES(42,'2018-11-27 03:30:19.004704','11','Smooth & Straight Long Locks','[{"added": {}}]',19,1,1);
INSERT INTO django_admin_log VALUES(43,'2018-11-27 03:30:37.694070','12','Black To Blonde Ombre','[{"added": {}}]',19,1,1);
INSERT INTO django_admin_log VALUES(44,'2018-11-27 03:30:52.177837','13','Short Curls','[{"added": {}}]',19,1,1);
INSERT INTO django_admin_log VALUES(45,'2018-11-27 03:31:10.470002','14','Retro Marcel Waves','[{"added": {}}]',19,1,1);
INSERT INTO django_admin_log VALUES(46,'2018-11-27 03:31:23.752555','15','Kinky Curls Galore','[{"added": {}}]',19,1,1);
INSERT INTO django_admin_log VALUES(47,'2018-11-27 03:31:41.002689','16','Locks','[{"added": {}}]',19,1,1);
INSERT INTO django_admin_log VALUES(48,'2018-11-27 03:31:52.811772','17','Sleek Shoulder Length Bob','[{"added": {}}]',19,1,1);
INSERT INTO django_admin_log VALUES(49,'2018-11-27 03:32:05.969187','18','Braids','[{"added": {}}]',19,1,1);
INSERT INTO django_admin_log VALUES(50,'2018-11-27 03:32:20.672300','19','Big Curls','[{"added": {}}]',19,1,1);
INSERT INTO django_admin_log VALUES(51,'2018-11-27 03:32:40.952635','20','Hot Color Bob','[{"added": {}}]',19,1,1);
INSERT INTO django_admin_log VALUES(52,'2018-11-27 03:33:02.780059','21','Long Blonde Hair','[{"added": {}}]',19,1,1);
INSERT INTO django_admin_log VALUES(53,'2018-11-27 03:33:17.673770','22','Undercut','[{"added": {}}]',19,1,1);
INSERT INTO django_admin_log VALUES(54,'2018-11-27 04:58:00.379153','1','Smooth & Straight Long Locks','[{"added": {}}]',10,1,1);
INSERT INTO django_admin_log VALUES(55,'2018-11-27 04:58:58.082166','2','Black To Blonde Ombre','[{"added": {}}]',10,1,1);
INSERT INTO django_admin_log VALUES(56,'2018-11-27 05:00:44.072363','3','Short Curls','[{"added": {}}]',10,1,1);
INSERT INTO django_admin_log VALUES(57,'2018-11-27 05:01:49.959432','4','Retro Marcel Waves','[{"added": {}}]',10,1,1);
INSERT INTO django_admin_log VALUES(58,'2018-11-27 05:02:49.627491','5','Kinky Curls Galore','[{"added": {}}]',10,1,1);
INSERT INTO django_admin_log VALUES(59,'2018-11-27 05:03:35.181721','6','Locks','[{"added": {}}]',10,1,1);
INSERT INTO django_admin_log VALUES(60,'2018-11-27 05:04:24.697714','7','Sleek Shoulder Length Bob','[{"added": {}}]',10,1,1);
INSERT INTO django_admin_log VALUES(61,'2018-11-27 05:05:13.818178','8','Braids','[{"added": {}}]',10,1,1);
INSERT INTO django_admin_log VALUES(62,'2018-11-27 05:05:59.227852','9','Big Curls','[{"added": {}}]',10,1,1);
INSERT INTO django_admin_log VALUES(63,'2018-11-27 05:08:29.706748','10','Shea Moisture Strengthen','[{"added": {}}]',10,1,1);
INSERT INTO django_admin_log VALUES(64,'2018-11-27 05:09:49.492226','11','Shea Moisture Coconut','[{"added": {}}]',10,1,1);
INSERT INTO django_admin_log VALUES(65,'2018-11-27 05:13:27.036366','12','Carol’s Daughter Black Shampoo','[{"added": {}}]',10,1,1);
INSERT INTO django_admin_log VALUES(66,'2018-11-27 05:14:14.803399','13','Carol’s Daughter Mimosa Hair Honey','[{"added": {}}]',10,1,1);
INSERT INTO django_admin_log VALUES(67,'2018-11-27 05:15:23.713485','14','Carol’s Daughter Hair Milk','[{"added": {}}]',10,1,1);
INSERT INTO django_admin_log VALUES(68,'2018-11-27 05:15:59.009064','15','Coconut CoWash Cleansing Conditioner','[{"added": {}}]',10,1,1);
INSERT INTO django_admin_log VALUES(69,'2018-11-27 05:16:28.828921','16','Moroccan Argan Oil Shampoo','[{"added": {}}]',10,1,1);
INSERT INTO django_admin_log VALUES(70,'2018-11-27 05:17:08.805094','17','Cantu Shea Butter Leave-In Conditioner','[{"added": {}}]',10,1,1);
INSERT INTO django_admin_log VALUES(71,'2018-11-27 05:17:37.917243','18','Cantu Shea Butter Twist And Lock Gel','[{"added": {}}]',10,1,1);
INSERT INTO django_admin_log VALUES(72,'2018-11-27 05:18:04.561558','19','Beautiful Textures Tangle Taming Shampoo','[{"added": {}}]',10,1,1);
INSERT INTO django_admin_log VALUES(73,'2018-11-27 05:43:38.756030','1','featurette','[{"added": {}}]',20,1,1);
INSERT INTO django_admin_log VALUES(74,'2018-11-27 12:30:08.035223','6','Smooth & Straight Long Locks','[{"added": {}}]',18,1,1);
INSERT INTO django_admin_log VALUES(75,'2018-11-27 12:30:17.433892','6','Smooth & Straight Long Locks','[]',18,1,2);
INSERT INTO django_admin_log VALUES(76,'2018-11-27 12:30:29.797292','7','Black To Blonde Ombre','[{"added": {}}]',18,1,1);
INSERT INTO django_admin_log VALUES(77,'2018-11-27 12:30:51.837208','8','Cantu Shea Butter Leave-In Conditioner','[{"added": {}}]',18,1,1);
INSERT INTO django_admin_log VALUES(78,'2018-11-27 12:45:21.455079','3','Lover, love','[{"changed": {"fields": ["first_name", "last_name"]}}]',7,1,2);
INSERT INTO django_admin_log VALUES(79,'2018-11-27 12:45:44.064998','4','Lovers, Carrie','[{"changed": {"fields": ["last_name"]}}]',7,1,2);
INSERT INTO django_admin_log VALUES(80,'2018-11-27 12:45:59.046420','6','Girl, Boy','[{"changed": {"fields": ["first_name", "last_name"]}}]',7,1,2);
INSERT INTO django_admin_log VALUES(81,'2018-11-27 12:46:31.029834','5','Lover3s, Carrie','[{"changed": {"fields": ["last_name"]}}]',7,1,2);
INSERT INTO django_admin_log VALUES(82,'2018-11-27 12:46:47.608483','7','Dimanche, Olson','[]',7,1,2);
INSERT INTO django_admin_log VALUES(83,'2018-11-27 12:47:08.369186','8','Jodth09, Olson','[{"changed": {"fields": ["last_name"]}}]',7,1,2);
INSERT INTO django_admin_log VALUES(84,'2018-11-27 12:47:27.819589','9','Nav, 1234','[{"changed": {"fields": ["first_name", "last_name"]}}]',7,1,2);
INSERT INTO django_admin_log VALUES(85,'2018-11-27 12:47:44.108835','10','Jod09, 1234','[{"changed": {"fields": ["first_name", "last_name"]}}]',7,1,2);
INSERT INTO django_admin_log VALUES(86,'2018-11-27 12:48:29.286053','3','3','[{"changed": {"fields": ["user"]}}]',17,1,2);
INSERT INTO django_admin_log VALUES(87,'2018-11-27 19:50:53.722004','23','Carrie Li','[{"added": {}}]',19,1,1);
INSERT INTO django_admin_log VALUES(88,'2018-11-27 19:50:58.256303','2','Li, Carrie','[{"changed": {"fields": ["image"]}}]',7,1,2);
INSERT INTO django_admin_log VALUES(89,'2018-11-28 04:47:17.544888','1','Smooth & Straight Long Locks','[]',10,1,2);
INSERT INTO django_admin_log VALUES(90,'2018-11-28 05:08:40.781994','1','Smooth & Straight Long Locks','[]',10,1,2);
INSERT INTO django_admin_log VALUES(91,'2018-11-28 05:11:13.356814','1','Smooth & Straight Long Long Locks','[{"changed": {"fields": ["title"]}}]',10,1,2);
INSERT INTO django_admin_log VALUES(92,'2018-11-28 05:11:45.392771','3','Smooth & Straight Long Long Locks','[{"changed": {"fields": ["category", "description", "image"]}}]',14,1,2);
INSERT INTO django_admin_log VALUES(93,'2018-11-28 05:16:04.151953','20','Undercut','[{"added": {}}]',10,1,1);
INSERT INTO django_admin_log VALUES(94,'2018-11-28 05:27:39.879028','1','Smooth & Straight Long Long Locks','[]',10,1,2);
INSERT INTO django_admin_log VALUES(95,'2018-11-28 05:28:37.695628','1','Smooth & Straight Long Long Locks','[]',10,1,2);
INSERT INTO django_admin_log VALUES(96,'2018-11-28 05:29:35.742748','16','Moroccan Argan Oil Shampoo','[]',10,1,2);
INSERT INTO django_admin_log VALUES(97,'2018-11-28 05:34:19.255010','20','Undercut','[]',10,1,2);
INSERT INTO django_admin_log VALUES(98,'2018-11-28 05:36:12.475697','20','Undercut','[]',10,1,2);
INSERT INTO django_admin_log VALUES(99,'2018-11-28 05:37:15.092761','19','Beautiful Textures Tangle Taming Shampoo','[]',10,1,2);
INSERT INTO django_admin_log VALUES(100,'2018-11-28 05:39:04.366406','4','Black To Blonde Ombre','[{"changed": {"fields": ["category", "description", "image"]}}]',14,1,2);
INSERT INTO django_admin_log VALUES(101,'2018-11-28 14:49:16.483427','1','featurette','[{"changed": {"fields": ["product", "style"]}}]',20,1,2);
INSERT INTO django_admin_log VALUES(102,'2018-11-28 14:53:49.381583','3','Smooth & Straight Long Long Locks','[{"changed": {"fields": ["description", "duration"]}}]',14,1,2);
INSERT INTO django_admin_log VALUES(103,'2018-11-28 14:53:56.413464','1','Smooth & Straight Long Long Locks','[{"changed": {"fields": ["duration"]}}]',10,1,2);
INSERT INTO django_admin_log VALUES(104,'2018-11-28 14:54:58.971440','21','Beautiful Textures Tangle Taming Shampoo','[{"changed": {"fields": ["description", "company", "image"]}}]',14,1,2);
INSERT INTO django_admin_log VALUES(105,'2018-11-28 14:55:00.933577','19','Beautiful Textures Tangle Taming Shampoo','[]',10,1,2);
INSERT INTO django_admin_log VALUES(106,'2018-11-28 14:55:30.566265','2','Black To Blonde Ombre','[]',10,1,2);
INSERT INTO django_admin_log VALUES(107,'2018-11-28 14:55:32.809860','4','Black To Blonde Ombre','[]',14,1,2);
INSERT INTO django_admin_log VALUES(108,'2018-11-28 14:56:06.446785','5','Short Curls','[{"changed": {"fields": ["category", "description", "duration", "image"]}}]',14,1,2);
INSERT INTO django_admin_log VALUES(109,'2018-11-28 14:56:08.198057','3','Short Curls','[{"changed": {"fields": ["duration"]}}]',10,1,2);
INSERT INTO django_admin_log VALUES(110,'2018-11-28 14:56:45.922294','6','Retro Marcel Waves','[{"changed": {"fields": ["category", "description", "duration", "image"]}}]',14,1,2);
INSERT INTO django_admin_log VALUES(111,'2018-11-28 14:56:47.552382','4','Retro Marcel Waves','[{"changed": {"fields": ["duration"]}}]',10,1,2);
INSERT INTO django_admin_log VALUES(112,'2018-11-28 14:57:30.978476','7','Kinky Curls Galore','[{"changed": {"fields": ["description", "duration", "image"]}}]',14,1,2);
INSERT INTO django_admin_log VALUES(113,'2018-11-28 14:57:32.310168','5','Kinky Curls Galore','[{"changed": {"fields": ["duration"]}}]',10,1,2);
INSERT INTO django_admin_log VALUES(114,'2018-11-28 14:58:05.907421','8','Locks','[{"changed": {"fields": ["category", "description", "duration", "image"]}}]',14,1,2);
INSERT INTO django_admin_log VALUES(115,'2018-11-28 14:58:08.284857','6','Locks','[{"changed": {"fields": ["duration"]}}]',10,1,2);
INSERT INTO django_admin_log VALUES(116,'2018-11-28 14:58:15.829925','7','Kinky Curls Galore','[{"changed": {"fields": ["category"]}}]',14,1,2);
INSERT INTO django_admin_log VALUES(117,'2018-11-28 14:58:46.146726','9','Sleek Shoulder Length Bob','[{"changed": {"fields": ["category", "description", "duration", "image"]}}]',14,1,2);
INSERT INTO django_admin_log VALUES(118,'2018-11-28 14:58:47.914992','7','Sleek Shoulder Length Bob','[{"changed": {"fields": ["duration"]}}]',10,1,2);
INSERT INTO django_admin_log VALUES(119,'2018-11-28 15:04:46.432472','8','Braids','[{"changed": {"fields": ["duration"]}}]',10,1,2);
INSERT INTO django_admin_log VALUES(120,'2018-11-28 15:04:58.158643','10','Braids','[{"changed": {"fields": ["category", "description", "duration", "image"]}}]',14,1,2);
INSERT INTO django_admin_log VALUES(121,'2018-11-28 15:05:25.985914','9','Big Curls','[{"changed": {"fields": ["duration"]}}]',10,1,2);
INSERT INTO django_admin_log VALUES(122,'2018-11-28 15:05:28.119912','11','Big Curls','[{"changed": {"fields": ["category", "description", "duration", "image"]}}]',14,1,2);
INSERT INTO django_admin_log VALUES(123,'2018-11-28 15:06:01.250739','1','featurette','[{"changed": {"fields": ["style"]}}]',20,1,2);
INSERT INTO django_admin_log VALUES(124,'2018-11-28 15:12:41.596043','2','Li, Carrie','[{"changed": {"fields": ["category"]}}]',7,1,2);
INSERT INTO django_admin_log VALUES(125,'2018-11-28 15:12:45.340247','1','featurette','[]',20,1,2);
INSERT INTO django_admin_log VALUES(126,'2018-11-28 16:50:56.903422','1','my gallery','[{"added": {}}]',22,1,1);
INSERT INTO django_admin_log VALUES(127,'2018-11-28 17:03:08.792428','2','Li, Carrie','[{"changed": {"fields": ["is_stylist"]}}]',7,1,2);
INSERT INTO django_admin_log VALUES(128,'2018-11-28 17:06:31.146643','3','Lover, love','[]',7,1,2);
INSERT INTO django_admin_log VALUES(129,'2018-11-28 17:08:58.542274','1','Admin, Admin','[{"changed": {"fields": ["image"]}}]',7,1,2);
INSERT INTO django_admin_log VALUES(130,'2018-11-28 17:23:28.564712','1','featurette','[{"changed": {"fields": ["stylist", "style"]}}]',20,1,2);
INSERT INTO django_admin_log VALUES(131,'2018-11-28 17:25:06.083183','1','featurette','[{"changed": {"fields": ["product"]}}]',20,1,2);
INSERT INTO django_admin_log VALUES(132,'2018-11-28 17:29:49.136592','1','Carrie','[{"changed": {"fields": ["description"]}}]',21,1,2);
INSERT INTO django_admin_log VALUES(133,'2018-11-28 19:47:05.593725','10','Black To Blonde Ombre','',18,1,3);
INSERT INTO django_admin_log VALUES(134,'2018-11-28 19:47:05.602762','9','Smooth & Straight Long Locks','',18,1,3);
INSERT INTO django_admin_log VALUES(135,'2018-11-28 19:47:05.604225','8','Cantu Shea Butter Leave-In Conditioner','',18,1,3);
INSERT INTO django_admin_log VALUES(136,'2018-11-28 19:47:05.605520','7','Black To Blonde Ombre','',18,1,3);
INSERT INTO django_admin_log VALUES(137,'2018-11-28 19:47:05.607109','6','Smooth & Straight Long Locks','',18,1,3);
INSERT INTO django_admin_log VALUES(138,'2018-11-28 23:01:11.155043','11','Smooth & Straight Long Locks','[{"added": {}}]',18,1,1);
INSERT INTO django_admin_log VALUES(139,'2018-11-28 23:01:21.437766','12','Beautiful Textures Tangle Taming Shampoo','[{"added": {}}]',18,1,1);
INSERT INTO django_admin_log VALUES(140,'2018-11-29 00:29:07.645555','1','1','[{"changed": {"fields": ["cart_items"]}}]',17,1,2);
INSERT INTO django_admin_log VALUES(141,'2018-11-29 00:36:03.160650','13','Smooth & Straight Long Locks','[{"added": {}}]',18,1,1);
INSERT INTO django_admin_log VALUES(142,'2018-11-29 00:36:25.143371','1','1','[{"changed": {"fields": ["cart_items"]}}]',17,1,2);
INSERT INTO django_admin_log VALUES(143,'2018-11-29 00:36:47.794160','1','1','[{"changed": {"fields": ["cart_items"]}}]',17,1,2);
INSERT INTO django_admin_log VALUES(144,'2018-11-29 00:41:04.900672','1','1','[]',17,1,2);
INSERT INTO django_admin_log VALUES(145,'2018-11-29 01:01:28.702260','13','Smooth & Straight Long Locks','[]',18,1,2);
INSERT INTO django_admin_log VALUES(146,'2018-11-29 01:01:32.434709','12','Beautiful Textures Tangle Taming Shampoo','[]',18,1,2);
INSERT INTO django_admin_log VALUES(147,'2018-11-29 01:01:35.825238','11','Smooth & Straight Long Locks','[]',18,1,2);
INSERT INTO django_admin_log VALUES(148,'2018-12-02 15:27:35.599546','35','Short Curls','',18,1,3);
INSERT INTO django_admin_log VALUES(149,'2018-12-02 15:27:35.604593','30','Smooth & Straight Long Locks','',18,1,3);
INSERT INTO django_admin_log VALUES(150,'2018-12-02 15:27:35.605925','23','Short Curls','',18,1,3);
INSERT INTO django_admin_log VALUES(151,'2018-12-02 15:27:35.607297','15','Beautiful Textures Tangle Taming Shampoo','',18,1,3);
INSERT INTO django_admin_log VALUES(152,'2018-12-02 18:29:56.319964','50','Kinky Curls Galore','',18,1,3);
INSERT INTO django_admin_log VALUES(153,'2018-12-02 18:29:56.327450','49','Smooth & Straight Long Locks','',18,1,3);
INSERT INTO django_admin_log VALUES(154,'2018-12-02 18:29:56.328717','48','Retro Marcel Waves','',18,1,3);
INSERT INTO django_admin_log VALUES(155,'2018-12-02 18:29:56.329891','47','Cantu Shea Butter Twist And Lock Gel','',18,1,3);
INSERT INTO django_admin_log VALUES(156,'2018-12-02 18:29:56.331051','46','Sleek Shoulder Length Bob','',18,1,3);
INSERT INTO django_admin_log VALUES(157,'2018-12-02 18:29:56.332201','45','Short Curls','',18,1,3);
INSERT INTO django_admin_log VALUES(158,'2018-12-02 18:29:56.333299','44','Locks','',18,1,3);
INSERT INTO django_admin_log VALUES(159,'2018-12-02 18:29:56.334359','43','Sleek Shoulder Length Bob','',18,1,3);
INSERT INTO django_admin_log VALUES(160,'2018-12-02 18:29:56.335441','42','Short Curls','',18,1,3);
INSERT INTO django_admin_log VALUES(161,'2018-12-02 18:29:56.336476','41','Carol’s Daughter Hair Milk','',18,1,3);
INSERT INTO django_admin_log VALUES(162,'2018-12-02 18:29:56.337627','40','Coconut CoWash Cleansing Conditioner','',18,1,3);
INSERT INTO django_admin_log VALUES(163,'2018-12-02 18:29:56.338818','39','Carol’s Daughter Black Shampoo','',18,1,3);
INSERT INTO django_admin_log VALUES(164,'2018-12-02 18:29:56.340070','38','Braids','',18,1,3);
INSERT INTO django_admin_log VALUES(165,'2018-12-02 18:29:56.341329','37','Black To Blonde Ombre','',18,1,3);
INSERT INTO django_admin_log VALUES(166,'2018-12-02 18:29:56.342549','34','Short Curls','',18,1,3);
INSERT INTO django_admin_log VALUES(167,'2018-12-02 18:29:56.343697','16','Black To Blonde Ombre','',18,1,3);
INSERT INTO django_admin_log VALUES(168,'2018-12-02 18:29:56.344828','14','Beautiful Textures Tangle Taming Shampoo','',18,1,3);
INSERT INTO django_admin_log VALUES(169,'2018-12-02 22:56:46.996215','12','Shea Moisture Strengthen','[{"changed": {"fields": ["description", "company", "image"]}}]',14,1,2);
INSERT INTO django_admin_log VALUES(170,'2018-12-02 22:56:51.995596','10','Shea Moisture Strengthen','[]',10,1,2);
INSERT INTO django_admin_log VALUES(171,'2018-12-02 22:57:33.845184','13','Shea Moisture Coconut','[{"changed": {"fields": ["description", "company", "image"]}}]',14,1,2);
INSERT INTO django_admin_log VALUES(172,'2018-12-02 22:57:36.360519','11','Shea Moisture Coconut','[]',10,1,2);
INSERT INTO django_admin_log VALUES(173,'2018-12-02 22:59:14.702021','20','Cantu Shea Butter Twist And Lock Gel','[{"changed": {"fields": ["description", "company", "image"]}}]',14,1,2);
INSERT INTO django_admin_log VALUES(174,'2018-12-02 22:59:51.115508','19','Cantu Shea Butter Leave-In Conditioner','[{"changed": {"fields": ["description", "company", "image"]}}]',14,1,2);
INSERT INTO django_admin_log VALUES(175,'2018-12-02 23:00:31.853905','18','Moroccan Argan Oil Shampoo','[{"changed": {"fields": ["description", "company", "image"]}}]',14,1,2);
INSERT INTO django_admin_log VALUES(176,'2018-12-02 23:01:18.096443','17','Coconut CoWash Cleansing Conditioner','[{"changed": {"fields": ["description", "company", "image"]}}]',14,1,2);
INSERT INTO django_admin_log VALUES(177,'2018-12-02 23:02:07.545589','16','Carol’s Daughter Hair Milk','[{"changed": {"fields": ["description", "company", "image"]}}]',14,1,2);
INSERT INTO django_admin_log VALUES(178,'2018-12-02 23:02:09.955758','14','Carol’s Daughter Hair Milk','[{"changed": {"fields": ["company"]}}]',10,1,2);
INSERT INTO django_admin_log VALUES(179,'2018-12-02 23:02:47.808385','15','Carol’s Daughter Mimosa Hair Honey','[{"changed": {"fields": ["description", "company", "image"]}}]',14,1,2);
INSERT INTO django_admin_log VALUES(180,'2018-12-02 23:02:49.507056','13','Carol’s Daughter Mimosa Hair Honey','[{"changed": {"fields": ["company"]}}]',10,1,2);
INSERT INTO django_admin_log VALUES(181,'2018-12-02 23:03:00.982844','13','Carol’s Daughter Mimosa Hair Honey','[]',10,1,2);
INSERT INTO django_admin_log VALUES(182,'2018-12-02 23:03:34.349839','12','Carol’s Daughter Black Shampoo','[]',10,1,2);
INSERT INTO django_admin_log VALUES(183,'2018-12-02 23:04:44.777825','14','Carol’s Daughter Black Shampoo','[{"changed": {"fields": ["description", "company", "image"]}}]',14,1,2);
INSERT INTO django_admin_log VALUES(184,'2018-12-03 02:17:16.729485','2','Black To Blonde Ombre','',14,1,3);
INSERT INTO django_admin_log VALUES(185,'2018-12-03 02:17:16.733671','1','Smooth & Straight Long Long Locks','',14,1,3);
INSERT INTO django_admin_log VALUES(186,'2018-12-03 02:17:39.690706','83','Short Curls','',18,1,3);
INSERT INTO django_admin_log VALUES(187,'2018-12-03 02:17:39.692480','82','Shea Moisture Strengthen','',18,1,3);
INSERT INTO django_admin_log VALUES(188,'2018-12-03 02:17:39.694173','81','Shea Moisture Strengthen','',18,1,3);
INSERT INTO django_admin_log VALUES(189,'2018-12-03 02:17:39.695591','60','Short Curls','',18,1,3);
INSERT INTO django_admin_log VALUES(190,'2018-12-03 02:39:28.438756','83','Short Curls','',18,1,3);
INSERT INTO django_admin_log VALUES(191,'2018-12-03 02:39:28.443311','82','Shea Moisture Strengthen','',18,1,3);
INSERT INTO django_admin_log VALUES(192,'2018-12-03 02:39:28.444755','81','Shea Moisture Strengthen','',18,1,3);
INSERT INTO django_admin_log VALUES(193,'2018-12-03 02:39:28.445834','60','Short Curls','',18,1,3);
CREATE TABLE IF NOT EXISTS "api_contact" ("id" integer NOT NULL PRIMARY KEY AUTOINCREMENT, "first_name" varchar(50) NOT NULL, "last_name" varchar(50) NOT NULL);
CREATE TABLE IF NOT EXISTS "django_session" ("session_key" varchar(40) NOT NULL PRIMARY KEY, "session_data" text NOT NULL, "expire_date" datetime NOT NULL);
INSERT INTO django_session VALUES('g14ao9ci9cp1e2nm2lxwc6cn4nbv37bh','ZDAyNDJiODNjM2Q3ZmQ0M2MwZjkyYTZmZjIxNTMwMzliYjEzYjg5Nzp7Il9hdXRoX3VzZXJfaWQiOiIxIiwiX2F1dGhfdXNlcl9iYWNrZW5kIjoiZGphbmdvLmNvbnRyaWIuYXV0aC5iYWNrZW5kcy5Nb2RlbEJhY2tlbmQiLCJfYXV0aF91c2VyX2hhc2giOiI5MjExYjQwZDViY2YxODg2ZjIyY2FmYjczOTYwNGIwYTM1NzlmOWMwIn0=','2018-12-06 21:01:28.322966');
CREATE TABLE IF NOT EXISTS "products_history" ("id" integer NOT NULL PRIMARY KEY AUTOINCREMENT, "cart_id" integer NULL REFERENCES "products_cart" ("id") DEFERRABLE INITIALLY DEFERRED);
CREATE TABLE IF NOT EXISTS "products_cart" ("id" integer NOT NULL PRIMARY KEY AUTOINCREMENT, "purchased" bool NOT NULL, "purchase_date" date NOT NULL, "timestamp" datetime NOT NULL, "subtotal" decimal NOT NULL, "tax_percentage" decimal NOT NULL, "tax_total" decimal NOT NULL, "total" decimal NOT NULL, "user_id" integer NULL REFERENCES "users_user" ("id") DEFERRABLE INITIALLY DEFERRED, "updated" datetime NULL);
CREATE TABLE IF NOT EXISTS "orders_usercheckout" ("id" integer NOT NULL PRIMARY KEY AUTOINCREMENT, "email" varchar(254) NOT NULL UNIQUE, "user_id" integer NULL UNIQUE REFERENCES "users_user" ("id") DEFERRABLE INITIALLY DEFERRED);
INSERT INTO orders_usercheckout VALUES(1,'lover@gmail.com',2);
CREATE TABLE IF NOT EXISTS "orders_order" ("id" integer NOT NULL PRIMARY KEY AUTOINCREMENT, "status" varchar(120) NOT NULL, "shipping_total_price" decimal NOT NULL, "order_id" varchar(20) NULL, "billing_address_id" integer NULL REFERENCES "users_address" ("id") DEFERRABLE INITIALLY DEFERRED, "cart_id" integer NOT NULL REFERENCES "carts_cart" ("id") DEFERRABLE INITIALLY DEFERRED, "shipping_address_id" integer NULL REFERENCES "users_address" ("id") DEFERRABLE INITIALLY DEFERRED, "user_id" integer NULL REFERENCES "orders_usercheckout" ("id") DEFERRABLE INITIALLY DEFERRED, "order_total" decimal NOT NULL);
INSERT INTO orders_order VALUES(1,'created',5.9900000000000002131,NULL,1,1,1,1,146.56999999999999318);
CREATE TABLE IF NOT EXISTS "users_address" ("id" integer NOT NULL PRIMARY KEY AUTOINCREMENT, "street" varchar(25) NOT NULL, "city" varchar(25) NOT NULL, "state" varchar(25) NOT NULL, "zipcode" varchar(10) NOT NULL, "Country" varchar(15) NOT NULL, "user_id" integer NULL REFERENCES "users_user" ("id") DEFERRABLE INITIALLY DEFERRED, "a_type" varchar(10) NOT NULL);
INSERT INTO users_address VALUES(1,'2360 SW ARCHER RD APT 924','Gainesville','FL','32608','United States',6,'Shipping');
INSERT INTO users_address VALUES(2,'1105 NW 3rd Ave apt G5','Gainesville','FL','32601','United States',3,'Billing');
INSERT INTO users_address VALUES(3,'279 Corry Vlg Apt # 5','Gainesville','FL','32608','United States',2,'Shipping');
INSERT INTO users_address VALUES(4,'2360 SW ARCHER RD APT 924','Gainesville','FL','32608','United States',2,'Billing');
INSERT INTO users_address VALUES(5,'1002 SW ARCHER RD APT 900','Gainesville','FL','32608','United States',1,'Shipping');
INSERT INTO users_address VALUES(6,'1002 SW ARCHER RD APT 901','Gainesville','FL','32608','United States',1,'Billing');
INSERT INTO users_address VALUES(7,'1002 SW ARCHER RD APT 900','Gainesville','FL','32608','United States',6,'Shipping');
CREATE TABLE IF NOT EXISTS "users_user" ("id" integer NOT NULL PRIMARY KEY AUTOINCREMENT, "password" varchar(128) NOT NULL, "last_login" datetime NULL, "is_superuser" bool NOT NULL, "email" varchar(40) NOT NULL UNIQUE, "first_name" varchar(30) NOT NULL, "last_name" varchar(30) NOT NULL, "is_active" bool NOT NULL, "is_staff" bool NOT NULL, "date_joined" datetime NOT NULL, "phone" varchar(18) NOT NULL, "is_stylist" bool NOT NULL, "category" varchar(8) NOT NULL, "image_id" integer NULL REFERENCES "images_image" ("id") DEFERRABLE INITIALLY DEFERRED);
INSERT INTO users_user VALUES(1,'pbkdf2_sha256$120000$nbrtg0l3JRdn$b9VGsX6nX+3oHZW8U5kWgxUiZgt/u39R9QK1C6ns5Og=','2018-11-22 21:01:28',1,'admin@gmail.com','Admin','Admin',1,1,'2018-11-28 17:08:58.535098','',1,'Costumer',19);
INSERT INTO users_user VALUES(2,'mylove','2018-12-02 23:37:49.133287',0,'love@gmail.com','Carrie','Li',1,0,'2018-11-28 17:03:08.784800','4079289350',1,'Stylist',23);
INSERT INTO users_user VALUES(3,'mylove','2018-11-30 23:26:05.488277',0,'lover@gmail.com','love','Lover',1,0,'2018-11-28 17:06:31.140933','',1,'Costumer',NULL);
INSERT INTO users_user VALUES(4,'mylove',NULL,0,'lovers@gmail.com','Carrie','Lovers',1,0,'2018-11-27 12:45:44.061046','',1,'Costumer','');
INSERT INTO users_user VALUES(5,'mylove','2018-11-26 01:49:54',0,'lover3s@gmail.com','Carrie','Lover3s',1,0,'2018-11-27 12:46:31.025532','',1,'Costumer','');
INSERT INTO users_user VALUES(6,'boygirl','2018-11-26 16:17:56',0,'boy@gmail.com','Boy','Girl',1,0,'2018-11-27 12:45:59.042278','',0,'Costumer','');
INSERT INTO users_user VALUES(7,'mylover','2018-11-26 05:01:08',0,'dimanche.nav@gmail.com','Olson','Dimanche',1,0,'2018-11-27 12:46:47.604192','',0,'Costumer','');
INSERT INTO users_user VALUES(8,'Jd25390725',NULL,0,'jodth09@gmail.com','Olson','Jodth09',1,0,'2018-11-27 12:47:08.365321','',0,'Costumer','');
INSERT INTO users_user VALUES(9,'1234',NULL,0,'nav@gmail.com','1234','Nav',1,0,'2018-11-27 12:47:27.814780','',0,'Costumer','');
INSERT INTO users_user VALUES(10,'1234',NULL,0,'jod09@gmail.com','1234','Jod09',1,0,'2018-11-27 12:47:44.102918','',0,'Costumer','');
INSERT INTO users_user VALUES(11,'1234',NULL,0,'jodh09@gmail.com','Olson','Dimanche',1,0,'2018-11-26 17:31:47.411111','',0,'Costumer','');
INSERT INTO users_user VALUES(12,'1234',NULL,0,'joh09@gmail.com','Olson','Dimanche',1,0,'2018-11-26 17:31:55.106484','',0,'Costumer','');
INSERT INTO users_user VALUES(13,'12345678',NULL,0,'jo09@gmail.com','Olson','Dimanche',1,0,'2018-11-26 17:37:15.745817','',0,'Costumer','');
INSERT INTO users_user VALUES(14,'123456',NULL,0,'th09@gmail.com','Olson','Dimanche',1,0,'2018-11-26 17:38:41.966995','',0,'Costumer','');
INSERT INTO users_user VALUES(15,'123456789',NULL,0,'one002@gmail.com','Olson','Dimanche',1,0,'2018-11-26 18:21:35.789762','',0,'Costumer','');
INSERT INTO users_user VALUES(16,'one001','2018-11-26 19:27:54.452227',0,'one001@gmail.com','Olson','Dimanche',1,0,'2018-11-26 18:26:02.693512','',0,'Costumer','');
INSERT INTO users_user VALUES(17,'one003',NULL,0,'one003@gmail.com','Olson','Dimanche',1,0,'2018-11-26 18:27:09.342095','',0,'Costumer','');
INSERT INTO users_user VALUES(18,'one004',NULL,0,'one004@gmail.com','Olson','Dimanche',1,0,'2018-11-26 18:28:34.010657','',0,'Costumer','');
INSERT INTO users_user VALUES(19,'one005',NULL,0,'one005@gmail.com','Olson','Dimanche',1,0,'2018-11-26 18:29:11.677944','',0,'Costumer','');
INSERT INTO users_user VALUES(20,'one006',NULL,0,'one006@gmail.com','Olson','Dimanche',1,0,'2018-11-26 18:40:26.003221','',0,'Costumer','');
INSERT INTO users_user VALUES(21,'one007','2018-11-26 18:41:46.253267',0,'one007@gmail.com','Olson','Dimanche',1,0,'2018-11-26 18:41:12.996925','',0,'Costumer','');
INSERT INTO users_user VALUES(22,'one008','2018-11-26 19:11:29.436192',0,'one008@gmail.com','Olson','Dimanche',1,0,'2018-11-26 19:11:04.615148','',0,'Costumer','');
INSERT INTO users_user VALUES(23,'one009','2018-11-26 19:12:17.681371',0,'one009@gmail.com','Olson','Dimanche',1,0,'2018-11-26 19:12:15.568339','',0,'Costumer','');
INSERT INTO users_user VALUES(24,'two001',NULL,0,'two001@gmail.com','Olson','Dimanche',1,0,'2018-11-26 19:14:13.440844','',0,'Costumer','');
INSERT INTO users_user VALUES(25,'two002','2018-11-26 19:20:12.210246',0,'two002@gmail.com','Olson','Dimanche',1,0,'2018-11-26 19:18:19.971554','',0,'Costumer','');
INSERT INTO users_user VALUES(26,'two003','2018-11-26 19:20:29.399059',0,'two003@gmail.com','Olson','Dimanche',1,0,'2018-11-26 19:20:29.385883','',0,'Costumer','');
INSERT INTO users_user VALUES(27,'two004','2018-11-26 23:59:51.723211',0,'two004@gmail.com','Olson','Dimanche',1,0,'2018-11-26 23:59:51.706382','',0,'Costumer','');
INSERT INTO users_user VALUES(28,'two005','2018-11-27 00:03:10.915570',0,'two005@gmail.com','Olson','Dimanche',1,0,'2018-11-27 00:03:10.897074','',0,'Costumer','');
CREATE TABLE IF NOT EXISTS "images_image" ("id" integer NOT NULL PRIMARY KEY AUTOINCREMENT, "image" varchar(100) NULL, "name" varchar(200) NOT NULL, "timestamp" datetime NOT NULL);
INSERT INTO images_image VALUES(1,'1.Shea_Moisture_Coconut.png','Shea Moisture Strengthen, Grow + Restore Conditioner','2018-11-27 03:16:12.440326');
INSERT INTO images_image VALUES(2,'2.Shea_Moisture_Strengthen.png','Shea Moisture Coconut Hibiscus Curl + Style Milk','2018-11-27 03:18:26.111092');
INSERT INTO images_image VALUES(3,'3.Carols_Daughter_Black.png','Carol’s Daughter Black Vanilla Sulfate-Free Shampoo','2018-11-27 03:18:42.448174');
INSERT INTO images_image VALUES(4,'4.Carols_Daughter_Mimosa_.png','Carol’s Daughter Mimosa Hair Honey Shine Pomade','2018-11-27 03:19:01.663960');
INSERT INTO images_image VALUES(5,'5.Carols_Daughter_Hair_Milk.png','Carol’s Daughter Hair Milk Leave-In Moisturizer','2018-11-27 03:19:18.923452');
INSERT INTO images_image VALUES(6,'6.As_I_Am_Coconut_CoWash.png','As I Am Coconut CoWash Cleansing Conditioner','2018-11-27 03:19:33.653033');
INSERT INTO images_image VALUES(7,'7.Organix_Moroccan_Argan.jpeg','Organix Moroccan Argan Oil Shampoo','2018-11-27 03:19:48.372951');
INSERT INTO images_image VALUES(8,'8.Cantu_Shea_Butter.jpeg','Cantu Shea Butter Leave-In Conditioner','2018-11-27 03:20:04.673521');
INSERT INTO images_image VALUES(9,'9.Cantu_Shea_Butter_Twist.jpeg','Cantu Shea Butter Twist And Lock Gel','2018-11-27 03:20:27.348273');
INSERT INTO images_image VALUES(10,'10.Beautiful_Textures_Tangle.jpg','Beautiful Textures Tangle Taming Shampoo','2018-11-27 03:20:44.955645');
INSERT INTO images_image VALUES(11,'1.Smooth__Straight_Long_Locks.jpg','Smooth & Straight Long Locks','2018-11-27 03:30:19.002654');
INSERT INTO images_image VALUES(12,'2.Black_To_Blonde_Ombre.jpg','Black To Blonde Ombre','2018-11-27 03:30:37.693227');
INSERT INTO images_image VALUES(13,'3.Short_Curls_.jpg','Short Curls','2018-11-27 03:30:52.177100');
INSERT INTO images_image VALUES(14,'4.Retro_Marcel_Waves.jpg','Retro Marcel Waves','2018-11-27 03:31:10.469265');
INSERT INTO images_image VALUES(15,'5.Kinky_Curls_Galore.jpg','Kinky Curls Galore','2018-11-27 03:31:23.751237');
INSERT INTO images_image VALUES(16,'6.Locks.jpg','Locks','2018-11-27 03:31:41.002019');
INSERT INTO images_image VALUES(17,'7.Sleek_Shoulder_Length_Bob_.jpg','Sleek Shoulder Length Bob','2018-11-27 03:31:52.811071');
INSERT INTO images_image VALUES(18,'8.Braids.jpg','Braids','2018-11-27 03:32:05.968480');
INSERT INTO images_image VALUES(19,'9.Big_Curls.jpg','Big Curls','2018-11-27 03:32:20.671506');
INSERT INTO images_image VALUES(20,'10.Hot_Color_Bob.jpg','Hot Color Bob','2018-11-27 03:32:40.952135');
INSERT INTO images_image VALUES(21,'11.Long_Blonde_Hair.jpg','Long Blonde Hair','2018-11-27 03:33:02.779408');
INSERT INTO images_image VALUES(22,'12.Undercut.jpg','Undercut','2018-11-27 03:33:17.673247');
INSERT INTO images_image VALUES(23,'4.Carrie.jpg','Carrie Li','2018-11-27 19:50:53.719915');
CREATE TABLE IF NOT EXISTS "images_gallery" ("id" integer NOT NULL PRIMARY KEY AUTOINCREMENT, "name" varchar(200) NOT NULL, "updated" date NOT NULL);
INSERT INTO images_gallery VALUES(1,'my gallery','2018-11-28');
INSERT INTO images_gallery VALUES(2,'my gallery','2018-11-28');
INSERT INTO images_gallery VALUES(3,'my gallery','2018-11-28');
CREATE TABLE IF NOT EXISTS "images_gallery_images" ("id" integer NOT NULL PRIMARY KEY AUTOINCREMENT, "gallery_id" integer NOT NULL REFERENCES "images_gallery" ("id") DEFERRABLE INITIALLY DEFERRED, "image_id" integer NOT NULL REFERENCES "images_image" ("id") DEFERRABLE INITIALLY DEFERRED);
INSERT INTO images_gallery_images VALUES(1,1,1);
INSERT INTO images_gallery_images VALUES(2,1,2);
INSERT INTO images_gallery_images VALUES(3,1,3);
INSERT INTO images_gallery_images VALUES(4,1,4);
CREATE TABLE IF NOT EXISTS "users_stylist" ("id" integer NOT NULL PRIMARY KEY AUTOINCREMENT, "category" varchar(8) NOT NULL, "email" varchar(40) NOT NULL UNIQUE, "first_name" varchar(30) NOT NULL, "last_name" varchar(30) NOT NULL, "title" varchar(120) NOT NULL, "is_active" bool NOT NULL, "is_staff" bool NOT NULL, "date_joined" datetime NOT NULL, "description" varchar(200) NOT NULL, "phone" varchar(18) NOT NULL, "is_stylist" bool NOT NULL, "image_id" integer NULL REFERENCES "images_image" ("id") DEFERRABLE INITIALLY DEFERRED, "user_id" integer NOT NULL REFERENCES "users_user" ("id") DEFERRABLE INITIALLY DEFERRED, "gallery_id" integer NULL UNIQUE REFERENCES "images_gallery" ("id") DEFERRABLE INITIALLY DEFERRED);
INSERT INTO users_stylist VALUES(1,'Stylist','love@gmail.com','Carrie','Li','Carrie',1,0,'2018-11-28 17:29:49.133114','Well, I love snakes. The beauty here is Cuddles the Puppy, who will soon have his own page','4079289350',1,23,2,NULL);
INSERT INTO users_stylist VALUES(2,'Costumer','lover@gmail.com','love','Lover','love',1,0,'2018-11-28 17:06:31.143902','','',1,NULL,3,NULL);
INSERT INTO users_stylist VALUES(3,'Costumer','admin@gmail.com','Admin','Admin','Admin',1,0,'2018-11-28 17:08:58.538386','','',1,19,1,3);
CREATE TABLE IF NOT EXISTS "products_product" ("id" integer NOT NULL PRIMARY KEY AUTOINCREMENT, "category" varchar(7) NOT NULL, "title" varchar(100) NOT NULL, "description" varchar(200) NOT NULL, "duration" integer NOT NULL, "company" varchar(100) NOT NULL, "added" date NULL, "image_id" integer NULL REFERENCES "images_image" ("id") DEFERRABLE INITIALLY DEFERRED, "price" decimal NOT NULL);
INSERT INTO products_product VALUES(1,'Style','Smooth & Straight Long Long Locks','This look is easy to get with a quality weave. We recommend using real Remy human hair for long lasting results. You can do a lot with smooth straight hair, so options are plentiful after your weave.',40,'','2018-11-27',11,65);
INSERT INTO products_product VALUES(2,'Style','Black To Blonde Ombre','This is a look that is eye-catching and can be done on various lengths of hair. The fun thing is that you can change the blonde color easily if you get tired of it.',0,'','2018-11-27',12,45);
INSERT INTO products_product VALUES(3,'Style','Short Curls','Curly hair is beautiful, but longer curls are not something we all want to deal with. This look is proof that super short curls are a fashionable solution.',40,'','2018-11-27',13,54);
INSERT INTO products_product VALUES(4,'Style','Retro Marcel Waves','Flapper glamor is hot. The Marcel wave is a look we hope to see a lot more in the future. It can be worn long as well, so if you are growing hair out some, it is a style option to consider.',30,'','2018-11-27',14,37.899999999999998579);
INSERT INTO products_product VALUES(5,'Style','Kinky Curls Galore','Length is up to you, but there is a lot to love about wild kinky curls. This volume is sure to get a lot of attention, and you can braid or put in an updo with ease.',30,'','2018-11-27',15,67);
INSERT INTO products_product VALUES(6,'Style','Locks','Dreadlocks are a big commitment if done naturally but they are beautiful. Shorter locks can be fun. If you don’t have the length, then you can get extensions a lot easier than you once could.',30,'','2018-11-27',16,49);
INSERT INTO products_product VALUES(7,'Style','Sleek Shoulder Length Bob','This bob is cute and an elegant solution for those busy with work and school. It is a good length to add extensions to if you get the urge to change up your look.',30,'','2018-11-27',17,57);
INSERT INTO products_product VALUES(8,'Style','Braids','This classic look can be done in any length you desire. If you lack the volume of hair, it is fairly easy to get a stylist to braid in more natural human hair for a thick look.',60,'','2018-11-27',18,115.89000000000000056);
INSERT INTO products_product VALUES(9,'Style','Big Curls','Lovely voluminous curls are feminine and fun. If you have longer hair, you can use heat or rollers to get this when you want.',50,'','2018-11-27',19,76);
INSERT INTO products_product VALUES(10,'Product','Shea Moisture Strengthen','Shea Moisture Strengthen, Grow + Restore Conditioner',0,'Shea Moisture','2018-11-27',1,15);
INSERT INTO products_product VALUES(11,'Product','Shea Moisture Coconut','Shea Moisture Coconut Hibiscus Curl + Style Milk',0,'Shea Moisture','2018-11-27',2,34);
INSERT INTO products_product VALUES(12,'Product','Carol’s Daughter Black Shampoo','Carol’s Daughter Black Vanilla Sulfate-Free Shampoo',0,'Carol','2018-11-27',3,15);
INSERT INTO products_product VALUES(13,'Product','Carol’s Daughter Mimosa Hair Honey','Carol’s Daughter Mimosa Hair Honey Shine Pomade',0,'Carol’s','2018-11-27',4,9.4600000000000008526);
INSERT INTO products_product VALUES(14,'Product','Carol’s Daughter Hair Milk','Carol’s Daughter Hair Milk Leave-In Moisturizer',0,'Carol’s','2018-11-27',5,23);
INSERT INTO products_product VALUES(15,'Product','Coconut CoWash Cleansing Conditioner','As I Am Coconut CoWash Cleansing Conditioner',0,'As I Am','2018-11-27',6,12);
INSERT INTO products_product VALUES(16,'Product','Moroccan Argan Oil Shampoo','Organix Moroccan Argan Oil Shampoo',0,'Organix','2018-11-27',7,21);
INSERT INTO products_product VALUES(17,'Product','Cantu Shea Butter Leave-In Conditioner','Cantu Shea Butter Leave-In Conditioner',0,'Cantu','2018-11-27',8,12);
INSERT INTO products_product VALUES(18,'Product','Cantu Shea Butter Twist And Lock Gel','Cantu Shea Butter Twist And Lock Gel',0,'Cantu','2018-11-27',9,13);
INSERT INTO products_product VALUES(19,'Product','Beautiful Textures Tangle Taming Shampoo','Beautiful Textures Tangle Taming Shampoo',0,'Beautiful','2018-11-27',10,11);
INSERT INTO products_product VALUES(20,'Style','Undercut','This is similar to the pixie style but this one she has spiked',37,'','2018-11-28',22,23);
CREATE TABLE IF NOT EXISTS "carts_cart" ("id" integer NOT NULL PRIMARY KEY AUTOINCREMENT, "purchased" bool NOT NULL, "purchase_date" date NOT NULL, "timestamp" datetime NOT NULL, "updated" datetime NULL, "subtotal" decimal NOT NULL, "tax_percentage" decimal NOT NULL, "tax_total" decimal NOT NULL, "total" decimal NOT NULL, "user_id" integer NULL REFERENCES "users_user" ("id") DEFERRABLE INITIALLY DEFERRED);
INSERT INTO carts_cart VALUES(1,0,'2018-12-03','2018-11-24 21:47:24.862174','2018-12-03 01:04:16.829774',412.67000000000001592,0.06500000000000000222,26.820000000000000285,439.49000000000000907,2);
INSERT INTO carts_cart VALUES(2,0,'2018-12-02','2018-11-27 12:42:17.288138','2018-12-02 18:29:56.379583',0,0.06500000000000000222,0,0,6);
INSERT INTO carts_cart VALUES(3,0,'2018-12-02','2018-11-27 12:42:51.989645','2018-12-02 15:27:35.618211',0,0.06500000000000000222,0,0,1);
INSERT INTO carts_cart VALUES(4,1,'2018-12-02','2018-11-27 12:49:31.110727','2018-12-02 23:16:49.939030',130,0.06500000000000000222,8.4499999999999992894,138.44999999999998863,2);
INSERT INTO carts_cart VALUES(5,0,'2018-11-27','2018-11-27 12:51:27.820710','2018-11-27 12:51:27.820738',0,0.06500000000000000222,0,0,3);
INSERT INTO carts_cart VALUES(6,0,'2018-11-27','2018-11-27 13:08:56.838787','2018-11-27 13:10:30.987761',45,0.06500000000000000222,2.9199999999999999289,47.920000000000001704,4);
INSERT INTO carts_cart VALUES(7,1,'2018-11-27','2018-11-27 20:46:57.809074','2018-11-27 20:55:09.046237',0,0.06500000000000000222,0,0,2);
INSERT INTO carts_cart VALUES(8,1,'2018-11-27','2018-11-27 20:47:50.606472','2018-11-27 20:55:41.182218',0,0.06500000000000000222,0,0,2);
INSERT INTO carts_cart VALUES(9,1,'2018-11-27','2018-11-27 20:48:16.273508','2018-11-27 20:52:46.717300',0,0.06500000000000000222,0,0,2);
CREATE TABLE IF NOT EXISTS "carts_cartitem" ("id" integer NOT NULL PRIMARY KEY AUTOINCREMENT, "quantity" integer unsigned NOT NULL, "subtotal" decimal NOT NULL, "product_id" integer NOT NULL REFERENCES "products_variation" ("id") DEFERRABLE INITIALLY DEFERRED, "cart_id" integer NOT NULL REFERENCES "carts_cart" ("id") DEFERRABLE INITIALLY DEFERRED);
INSERT INTO carts_cartitem VALUES(60,2,130,3,4);
INSERT INTO carts_cartitem VALUES(81,1,115.89000000000000056,10,1);
INSERT INTO carts_cartitem VALUES(82,2,231.78000000000000112,10,1);
INSERT INTO carts_cartitem VALUES(83,1,65,3,1);
CREATE TABLE IF NOT EXISTS "products_variation" ("title" varchar(120) NOT NULL, "price" decimal NOT NULL, "sale_price" decimal NULL, "inventory" integer NULL, "discount" decimal NULL, "added" date NULL, "category" varchar(7) NOT NULL, "company" varchar(100) NOT NULL, "description" varchar(200) NOT NULL, "duration" integer NOT NULL, "image_id" integer NULL REFERENCES "images_image" ("id") DEFERRABLE INITIALLY DEFERRED, "purchased_date" date NULL, "product_id" integer NOT NULL PRIMARY KEY REFERENCES "products_product" ("id") DEFERRABLE INITIALLY DEFERRED);
INSERT INTO products_variation VALUES('Smooth & Straight Long Locks',65,NULL,NULL,NULL,'2018-11-28','Style','','This look is easy to get with a quality weave. We recommend using real Remy human hair for long lasting results. You can do a lot with smooth straight hair, so options are plentiful after your weave.',40,11,'2018-11-28',1);
INSERT INTO products_variation VALUES('Black To Blonde Ombre',45,NULL,NULL,NULL,'2018-11-28','Style','','This is a look that is eye-catching and can be done on various lengths of hair. The fun thing is that you can change the blonde color easily if you get tired of it.',0,12,'2018-11-28',2);
INSERT INTO products_variation VALUES('Short Curls',54,NULL,NULL,NULL,'2018-11-28','Style','','Curly hair is beautiful, but longer curls are not something we all want to deal with. This look is proof that super short curls are a fashionable solution.',40,13,'2018-11-28',3);
INSERT INTO products_variation VALUES('Retro Marcel Waves',37.899999999999998579,NULL,NULL,NULL,'2018-11-28','Style','','Flapper glamor is hot. The Marcel wave is a look we hope to see a lot more in the future. It can be worn long as well, so if you are growing hair out some, it is a style option to consider.',30,14,'2018-11-28',4);
INSERT INTO products_variation VALUES('Kinky Curls Galore',67,NULL,NULL,NULL,'2018-11-28','Style','','Length is up to you, but there is a lot to love about wild kinky curls. This volume is sure to get a lot of attention, and you can braid or put in an updo with ease.',30,15,'2018-11-28',5);
INSERT INTO products_variation VALUES('Locks',49,NULL,NULL,NULL,'2018-11-28','Style','','Dreadlocks are a big commitment if done naturally but they are beautiful. Shorter locks can be fun. If you don’t have the length, then you can get extensions a lot easier than you once could.',30,16,'2018-11-28',6);
INSERT INTO products_variation VALUES('Sleek Shoulder Length Bob',57,NULL,NULL,NULL,'2018-11-28','Style','','This bob is cute and an elegant solution for those busy with work and school. It is a good length to add extensions to if you get the urge to change up your look.',30,17,'2018-11-28',7);
INSERT INTO products_variation VALUES('Braids',115.89000000000000056,NULL,NULL,NULL,'2018-11-28','Style','','This classic look can be done in any length you desire. If you lack the volume of hair, it is fairly easy to get a stylist to braid in more natural human hair for a thick look.',60,18,'2018-11-28',8);
INSERT INTO products_variation VALUES('Big Curls',76,NULL,NULL,NULL,'2018-11-28','Style','','Lovely voluminous curls are feminine and fun. If you have longer hair, you can use heat or rollers to get this when you want.',50,NULL,'2018-11-28',9);
INSERT INTO products_variation VALUES('Shea Moisture Strengthen',15,NULL,NULL,NULL,'2018-11-28','Product','Shea Moisture','Shea Moisture Strengthen, Grow + Restore Conditioner',0,1,'2018-12-02',10);
INSERT INTO products_variation VALUES('Shea Moisture Coconut',34,NULL,NULL,NULL,'2018-11-28','Product','Shea Moisture','Shea Moisture Coconut Hibiscus Curl + Style Milk',0,2,'2018-12-02',11);
INSERT INTO products_variation VALUES('Carol’s Daughter Black Shampoo',15,NULL,NULL,NULL,'2018-11-28','Product','Carol’s','Carol’s Daughter Black Vanilla Sulfate-Free Shampoo',0,3,'2018-12-02',12);
INSERT INTO products_variation VALUES('Carol’s Daughter Mimosa Hair Honey',9.4600000000000008526,NULL,NULL,NULL,'2018-11-28','Product','Carol’s','Carol’s Daughter Mimosa Hair Honey Shine Pomade',0,4,'2018-12-02',13);
INSERT INTO products_variation VALUES('Carol’s Daughter Hair Milk',23,NULL,NULL,NULL,'2018-11-28','Product','Carol’s','Carol’s Daughter Hair Milk Leave-In Moisturizer',0,5,'2018-12-02',14);
INSERT INTO products_variation VALUES('Coconut CoWash Cleansing Conditioner',12,NULL,NULL,NULL,'2018-11-28','Product','As I Am','As I Am Coconut CoWash Cleansing Conditioner',0,6,'2018-12-02',15);
INSERT INTO products_variation VALUES('Moroccan Argan Oil Shampoo',21,NULL,NULL,NULL,'2018-11-28','Product','Organix','Organix Moroccan Argan Oil Shampoo',0,7,'2018-12-02',16);
INSERT INTO products_variation VALUES('Cantu Shea Butter Leave-In Conditioner',12,NULL,NULL,NULL,'2018-11-28','Product','Cantu','Cantu Shea Butter Leave-In Conditioner',0,8,'2018-12-02',17);
INSERT INTO products_variation VALUES('Cantu Shea Butter Twist And Lock Gel',13,NULL,NULL,NULL,'2018-11-28','Product','Cantu','Cantu Shea Butter Twist And Lock Gel',0,9,'2018-12-02',18);
INSERT INTO products_variation VALUES('Beautiful Textures Tangle Taming Shampoo',11,NULL,NULL,NULL,'2018-11-28','Product','Beautiful','Beautiful Textures Tangle Taming Shampoo',0,10,'2018-11-28',19);
INSERT INTO products_variation VALUES('Undercut',23,NULL,NULL,NULL,'2018-11-28','Style','','This is similar to the pixie style but this one she has spiked',37,22,'2018-11-28',20);
CREATE TABLE IF NOT EXISTS "api_featurette" ("id" integer NOT NULL PRIMARY KEY AUTOINCREMENT, "name" varchar(50) NOT NULL, "updated" date NOT NULL, "product_id" integer NULL UNIQUE REFERENCES "products_product" ("id") DEFERRABLE INITIALLY DEFERRED, "style_id" integer NULL UNIQUE REFERENCES "products_variation" ("product_id") DEFERRABLE INITIALLY DEFERRED, "stylist_id" integer NULL UNIQUE REFERENCES "users_stylist" ("id") DEFERRABLE INITIALLY DEFERRED);
INSERT INTO api_featurette VALUES(1,'featurette','2018-11-28',17,3,1);
DELETE FROM sqlite_sequence;
INSERT INTO sqlite_sequence VALUES('django_migrations',66);
INSERT INTO sqlite_sequence VALUES('django_content_type',22);
INSERT INTO sqlite_sequence VALUES('auth_permission',88);
INSERT INTO sqlite_sequence VALUES('django_admin_log',193);
INSERT INTO sqlite_sequence VALUES('products_cart',0);
INSERT INTO sqlite_sequence VALUES('orders_usercheckout',1);
INSERT INTO sqlite_sequence VALUES('orders_order',1);
INSERT INTO sqlite_sequence VALUES('users_address',7);
INSERT INTO sqlite_sequence VALUES('users_user',28);
INSERT INTO sqlite_sequence VALUES('images_image',23);
INSERT INTO sqlite_sequence VALUES('images_gallery',3);
INSERT INTO sqlite_sequence VALUES('images_gallery_images',4);
INSERT INTO sqlite_sequence VALUES('users_stylist',3);
INSERT INTO sqlite_sequence VALUES('products_product',20);
INSERT INTO sqlite_sequence VALUES('carts_cart',9);
INSERT INTO sqlite_sequence VALUES('carts_cartitem',83);
INSERT INTO sqlite_sequence VALUES('api_featurette',1);
CREATE UNIQUE INDEX django_content_type_app_label_model_76bd3d3b_uniq ON "django_content_type" ("app_label", "model");
CREATE UNIQUE INDEX auth_group_permissions_group_id_permission_id_0cd325b0_uniq ON "auth_group_permissions" ("group_id", "permission_id");
CREATE INDEX "auth_group_permissions_group_id_b120cbf9" ON "auth_group_permissions" ("group_id");
CREATE INDEX "auth_group_permissions_permission_id_84c5c92e" ON "auth_group_permissions" ("permission_id");
CREATE UNIQUE INDEX auth_permission_content_type_id_codename_01ab375a_uniq ON "auth_permission" ("content_type_id", "codename");
CREATE INDEX "auth_permission_content_type_id_2f476e4b" ON "auth_permission" ("content_type_id");
CREATE UNIQUE INDEX users_user_groups_user_id_group_id_b88eab82_uniq ON "users_user_groups" ("user_id", "group_id");
CREATE INDEX "users_user_groups_user_id_5f6f5a90" ON "users_user_groups" ("user_id");
CREATE INDEX "users_user_groups_group_id_9afc8d0e" ON "users_user_groups" ("group_id");
CREATE UNIQUE INDEX users_user_user_permissions_user_id_permission_id_43338c45_uniq ON "users_user_user_permissions" ("user_id", "permission_id");
CREATE INDEX "users_user_user_permissions_user_id_20aca447" ON "users_user_user_permissions" ("user_id");
CREATE INDEX "users_user_user_permissions_permission_id_0b93982e" ON "users_user_user_permissions" ("permission_id");
CREATE INDEX "django_admin_log_content_type_id_c4bce8eb" ON "django_admin_log" ("content_type_id");
CREATE INDEX "django_admin_log_user_id_c564eba6" ON "django_admin_log" ("user_id");
CREATE INDEX "django_session_expire_date_a5c62663" ON "django_session" ("expire_date");
CREATE INDEX "products_history_cart_id_7e54137e" ON "products_history" ("cart_id");
CREATE INDEX "products_cart_user_id_d53bf7cf" ON "products_cart" ("user_id");
CREATE INDEX "orders_order_billing_address_id_deb02e83" ON "orders_order" ("billing_address_id");
CREATE INDEX "orders_order_cart_id_7e0252e3" ON "orders_order" ("cart_id");
CREATE INDEX "orders_order_shipping_address_id_c4f8227a" ON "orders_order" ("shipping_address_id");
CREATE INDEX "orders_order_user_id_e9b59eb1" ON "orders_order" ("user_id");
CREATE INDEX "users_address_user_id_4c106ba4" ON "users_address" ("user_id");
CREATE INDEX "users_user_image_id_c6740cde" ON "users_user" ("image_id");
CREATE UNIQUE INDEX "images_gallery_images_gallery_id_image_id_63993dfc_uniq" ON "images_gallery_images" ("gallery_id", "image_id");
CREATE INDEX "images_gallery_images_gallery_id_68dae142" ON "images_gallery_images" ("gallery_id");
CREATE INDEX "images_gallery_images_image_id_b145b22d" ON "images_gallery_images" ("image_id");
CREATE INDEX "users_stylist_image_id_e7afa7e5" ON "users_stylist" ("image_id");
CREATE INDEX "users_stylist_user_id_4f313552" ON "users_stylist" ("user_id");
CREATE INDEX "products_product_image_id_0b5c7654" ON "products_product" ("image_id");
CREATE INDEX "carts_cart_user_id_bd0756c7" ON "carts_cart" ("user_id");
CREATE INDEX "carts_cartitem_product_id_acd010e4" ON "carts_cartitem" ("product_id");
CREATE INDEX "carts_cartitem_cart_id_9cb0a756" ON "carts_cartitem" ("cart_id");
CREATE INDEX "products_variation_image_id_01ce8715" ON "products_variation" ("image_id");
COMMIT;
